NFE, Elapsed Time, Approximation Set, Population, Population Size
57, 1.602203255, "[[0.0,-0.0], [114.0,-0.668267373931735], [127.0,-0.7590946765943047]]", "[[0.0,-0.0], [151.0,-0.0], [0.0,-0.0], [0.0,-0.0], [267.0,-0.0], [0.0,-0.0], [114.0,-0.0], [0.0,-0.0], [109.0,-0.0], [275.0,-0.30110728587030006], [183.0,-0.3099130434782609], [111.0,-0.0], [114.0,-0.668267373931735], [0.0,-0.0], [129.0,-0.0], [139.0,-0.1202067868504772], [139.0,-0.1202067868504772], [136.0,-0.0], [0.0,-0.0], [145.0,-0.0], [0.0,-0.0], [0.0,-0.0], [177.0,-0.0], [135.0,-0.1202067868504772], [0.0,-0.0], [129.0,-0.0], [0.0,-0.0], [172.0,-0.0], [121.0,-0.0], [0.0,-0.0], [135.0,-0.0], [147.0,-0.1202067868504772], [164.0,-0.2128695652173913], [0.0,-0.0], [141.0,-0.0], [0.0,-0.0], [161.0,-0.0], [0.0,-0.0], [110.0,-0.0], [116.0,-0.0], [0.0,-0.0], [0.0,-0.0], [0.0,-0.0], [346.0,-0.37909961064243997], [148.0,-0.0], [263.0,-0.668267373931735], [127.0,-0.7590946765943047], [0.0,-0.0], [0.0,-0.0], [142.0,-0.0], [0.0,-0.0], [0.0,-0.0], [0.0,-0.0], [0.0,-0.0], [144.0,-0.1202067868504772], [0.0,-0.0], [176.0,-0.11289051636228795]]", 57
114, 1.890822196, "[[0.0,-0.0], [127.0,-0.7590946765943047], [53.0,-0.7356101480176755]]", "[[0.0,-0.0], [127.0,-0.7590946765943047], [53.0,-0.7356101480176755], [0.0,-0.0], [0.0,-0.0], [0.0,-0.0], [0.0,-0.0], [0.0,-0.0], [0.0,-0.0], [0.0,-0.0], [0.0,-0.0], [0.0,-0.0], [0.0,-0.0], [0.0,-0.0], [0.0,-0.0], [0.0,-0.0], [0.0,-0.0], [0.0,-0.0], [0.0,-0.0], [0.0,-0.0], [0.0,-0.0], [0.0,-0.0], [0.0,-0.0], [0.0,-0.0], [0.0,-0.0], [0.0,-0.0], [0.0,-0.0], [56.0,-0.668267373931735], [51.0,-0.0], [56.0,-0.668267373931735], [114.0,-0.668267373931735], [53.0,-0.0], [99.0,-0.3099130434782609], [62.0,-0.30110728587030006], [99.0,-0.3099130434782609], [99.0,-0.3099130434782609], [53.0,-0.0], [263.0,-0.668267373931735], [55.0,-0.0], [183.0,-0.3099130434782609], [83.0,-0.2765853658536585], [66.0,-0.07676865671641792], [83.0,-0.2765853658536585], [83.0,-0.2765853658536585], [56.0,-0.0], [449.0,-0.668267373931735], [346.0,-0.37909961064243997], [135.0,-0.1202067868504772], [275.0,-0.30110728587030006], [164.0,-0.2128695652173913], [222.0,-0.2765853658536585], [74.0,-0.02348452857662905], [56.0,-0.0], [56.0,-0.0], [74.0,-0.02348452857662905], [57.0,-0.0], [367.0,-0.3099130434782609]]", 57
171, 2.326105982, "[[0.0,-0.0], [203.0,-1.012195513871334], [53.0,-0.7356101480176755], [89.0,-0.7853662757263524]]", "[[0.0,-0.0], [203.0,-1.012195513871334], [53.0,-0.7356101480176755], [89.0,-0.7853662757263524], [0.0,-0.0], [0.0,-0.0], [0.0,-0.0], [0.0,-0.0], [0.0,-0.0], [0.0,-0.0], [0.0,-0.0], [0.0,-0.0], [0.0,-0.0], [0.0,-0.0], [0.0,-0.0], [0.0,-0.0], [0.0,-0.0], [0.0,-0.0], [0.0,-0.0], [0.0,-0.0], [0.0,-0.0], [0.0,-0.0], [0.0,-0.0], [0.0,-0.0], [0.0,-0.0], [0.0,-0.0], [0.0,-0.0], [0.0,-0.0], [53.0,-0.7356101480176755], [53.0,-0.7356101480176755], [0.0,-0.0], [0.0,-0.0], [0.0,-0.0], [51.0,-0.0], [203.0,-0.7853662757263524], [56.0,-0.668267373931735], [127.0,-0.7590946765943047], [56.0,-0.668267373931735], [114.0,-0.668267373931735], [53.0,-0.0], [99.0,-0.3099130434782609], [62.0,-0.30110728587030006], [99.0,-0.3099130434782609], [99.0,-0.3099130434782609], [53.0,-0.0], [53.0,-0.0], [53.0,-0.0], [62.0,-0.30110728587030006], [53.0,-0.0], [54.0,-0.0], [199.0,-0.668267373931735], [183.0,-0.3099130434782609], [83.0,-0.2765853658536585], [66.0,-0.07676865671641792], [83.0,-0.2765853658536585], [83.0,-0.2765853658536585], [83.0,-0.2765853658536585]]", 57
228, 2.695587305, "[[0.0,-0.0], [203.0,-1.012195513871334], [53.0,-0.7356101480176755], [118.0,-0.9693746598020351], [89.0,-0.7853662757263524]]", "[[0.0,-0.0], [203.0,-1.012195513871334], [53.0,-0.7356101480176755], [118.0,-0.9693746598020351], [89.0,-0.7853662757263524], [0.0,-0.0], [0.0,-0.0], [0.0,-0.0], [0.0,-0.0], [0.0,-0.0], [0.0,-0.0], [0.0,-0.0], [0.0,-0.0], [0.0,-0.0], [0.0,-0.0], [0.0,-0.0], [0.0,-0.0], [0.0,-0.0], [0.0,-0.0], [0.0,-0.0], [0.0,-0.0], [0.0,-0.0], [0.0,-0.0], [0.0,-0.0], [0.0,-0.0], [0.0,-0.0], [0.0,-0.0], [0.0,-0.0], [0.0,-0.0], [53.0,-0.7356101480176755], [53.0,-0.7356101480176755], [0.0,-0.0], [0.0,-0.0], [0.0,-0.0], [0.0,-0.0], [0.0,-0.0], [0.0,-0.0], [0.0,-0.0], [0.0,-0.0], [0.0,-0.0], [0.0,-0.0], [51.0,-0.0], [203.0,-0.7853662757263524], [56.0,-0.668267373931735], [127.0,-0.7590946765943047], [56.0,-0.668267373931735], [286.0,-0.7853662757263524], [52.0,-0.0], [114.0,-0.668267373931735], [256.0,-0.7356101480176755], [99.0,-0.3099130434782609], [59.0,-0.1202067868504772], [62.0,-0.30110728587030006], [99.0,-0.3099130434782609], [99.0,-0.3099130434782609], [62.0,-0.30110728587030006], [53.0,-0.0]]", 57
285, 2.9636263140000003, "[[0.0,-0.0], [203.0,-1.012195513871334], [53.0,-0.7356101480176755], [118.0,-0.9693746598020351], [89.0,-0.7853662757263524]]", "[[0.0,-0.0], [203.0,-1.012195513871334], [53.0,-0.7356101480176755], [118.0,-0.9693746598020351], [89.0,-0.7853662757263524], [0.0,-0.0], [0.0,-0.0], [0.0,-0.0], [0.0,-0.0], [0.0,-0.0], [0.0,-0.0], [0.0,-0.0], [0.0,-0.0], [0.0,-0.0], [0.0,-0.0], [0.0,-0.0], [0.0,-0.0], [0.0,-0.0], [0.0,-0.0], [0.0,-0.0], [0.0,-0.0], [0.0,-0.0], [0.0,-0.0], [0.0,-0.0], [0.0,-0.0], [0.0,-0.0], [0.0,-0.0], [0.0,-0.0], [0.0,-0.0], [53.0,-0.7356101480176755], [53.0,-0.7356101480176755], [0.0,-0.0], [0.0,-0.0], [0.0,-0.0], [0.0,-0.0], [0.0,-0.0], [0.0,-0.0], [0.0,-0.0], [0.0,-0.0], [0.0,-0.0], [0.0,-0.0], [89.0,-0.7853662757263524], [0.0,-0.0], [89.0,-0.7853662757263524], [0.0,-0.0], [0.0,-0.0], [0.0,-0.0], [0.0,-0.0], [51.0,-0.0], [310.0,-0.9484797132350669], [56.0,-0.668267373931735], [197.0,-0.8558169348681528], [127.0,-0.7590946765943047], [56.0,-0.668267373931735], [56.0,-0.668267373931735], [51.0,-0.0], [203.0,-0.7853662757263524]]", 57
342, 3.218947575, "[[0.0,-0.0], [203.0,-1.012195513871334], [53.0,-0.7356101480176755], [89.0,-0.7853662757263524], [118.0,-0.9693746598020351], [155.0,-0.9781804174099958]]", "[[0.0,-0.0], [203.0,-1.012195513871334], [53.0,-0.7356101480176755], [89.0,-0.7853662757263524], [118.0,-0.9693746598020351], [155.0,-0.9781804174099958], [0.0,-0.0], [0.0,-0.0], [0.0,-0.0], [0.0,-0.0], [0.0,-0.0], [0.0,-0.0], [0.0,-0.0], [0.0,-0.0], [0.0,-0.0], [0.0,-0.0], [0.0,-0.0], [0.0,-0.0], [0.0,-0.0], [0.0,-0.0], [0.0,-0.0], [0.0,-0.0], [0.0,-0.0], [0.0,-0.0], [0.0,-0.0], [0.0,-0.0], [0.0,-0.0], [0.0,-0.0], [0.0,-0.0], [0.0,-0.0], [53.0,-0.7356101480176755], [53.0,-0.7356101480176755], [0.0,-0.0], [0.0,-0.0], [0.0,-0.0], [0.0,-0.0], [0.0,-0.0], [0.0,-0.0], [0.0,-0.0], [0.0,-0.0], [0.0,-0.0], [0.0,-0.0], [89.0,-0.7853662757263524], [0.0,-0.0], [89.0,-0.7853662757263524], [0.0,-0.0], [0.0,-0.0], [0.0,-0.0], [0.0,-0.0], [0.0,-0.0], [53.0,-0.7356101480176755], [0.0,-0.0], [0.0,-0.0], [0.0,-0.0], [89.0,-0.7853662757263524], [51.0,-0.0], [310.0,-0.9484797132350669]]", 57
399, 3.4249341710000003, "[[0.0,-0.0], [411.0,-1.0952793192046133], [50.0,-0.1975609756097561], [203.0,-1.012195513871334], [53.0,-0.7356101480176755], [89.0,-0.7853662757263524], [118.0,-0.9693746598020351], [155.0,-0.9781804174099958]]", "[[0.0,-0.0], [411.0,-1.0952793192046133], [50.0,-0.1975609756097561], [203.0,-1.012195513871334], [53.0,-0.7356101480176755], [89.0,-0.7853662757263524], [118.0,-0.9693746598020351], [155.0,-0.9781804174099958], [0.0,-0.0], [0.0,-0.0], [0.0,-0.0], [0.0,-0.0], [0.0,-0.0], [0.0,-0.0], [0.0,-0.0], [0.0,-0.0], [0.0,-0.0], [0.0,-0.0], [0.0,-0.0], [0.0,-0.0], [0.0,-0.0], [0.0,-0.0], [0.0,-0.0], [0.0,-0.0], [0.0,-0.0], [0.0,-0.0], [0.0,-0.0], [0.0,-0.0], [0.0,-0.0], [0.0,-0.0], [0.0,-0.0], [0.0,-0.0], [53.0,-0.7356101480176755], [53.0,-0.7356101480176755], [0.0,-0.0], [0.0,-0.0], [0.0,-0.0], [0.0,-0.0], [0.0,-0.0], [0.0,-0.0], [0.0,-0.0], [0.0,-0.0], [0.0,-0.0], [0.0,-0.0], [89.0,-0.7853662757263524], [0.0,-0.0], [89.0,-0.7853662757263524], [0.0,-0.0], [0.0,-0.0], [0.0,-0.0], [0.0,-0.0], [0.0,-0.0], [53.0,-0.7356101480176755], [0.0,-0.0], [0.0,-0.0], [0.0,-0.0], [89.0,-0.7853662757263524]]", 57
456, 3.7146295080000002, "[[0.0,-0.0], [411.0,-1.0952793192046133], [50.0,-0.1975609756097561], [203.0,-1.012195513871334], [53.0,-0.7356101480176755], [89.0,-0.7853662757263524], [118.0,-0.9693746598020351], [155.0,-0.9781804174099958]]", "[[0.0,-0.0], [411.0,-1.0952793192046133], [50.0,-0.1975609756097561], [203.0,-1.012195513871334], [53.0,-0.7356101480176755], [89.0,-0.7853662757263524], [118.0,-0.9693746598020351], [155.0,-0.9781804174099958], [0.0,-0.0], [0.0,-0.0], [0.0,-0.0], [0.0,-0.0], [0.0,-0.0], [0.0,-0.0], [0.0,-0.0], [0.0,-0.0], [0.0,-0.0], [0.0,-0.0], [0.0,-0.0], [0.0,-0.0], [0.0,-0.0], [0.0,-0.0], [0.0,-0.0], [0.0,-0.0], [0.0,-0.0], [0.0,-0.0], [0.0,-0.0], [0.0,-0.0], [0.0,-0.0], [0.0,-0.0], [0.0,-0.0], [0.0,-0.0], [53.0,-0.7356101480176755], [53.0,-0.7356101480176755], [0.0,-0.0], [0.0,-0.0], [0.0,-0.0], [0.0,-0.0], [0.0,-0.0], [0.0,-0.0], [0.0,-0.0], [0.0,-0.0], [0.0,-0.0], [0.0,-0.0], [89.0,-0.7853662757263524], [0.0,-0.0], [89.0,-0.7853662757263524], [0.0,-0.0], [0.0,-0.0], [0.0,-0.0], [0.0,-0.0], [0.0,-0.0], [53.0,-0.7356101480176755], [0.0,-0.0], [0.0,-0.0], [0.0,-0.0], [89.0,-0.7853662757263524]]", 57
513, 4.0645769970000005, "[[0.0,-0.0], [411.0,-1.0952793192046133], [50.0,-0.1975609756097561], [203.0,-1.012195513871334], [53.0,-0.7356101480176755], [89.0,-0.7853662757263524], [118.0,-0.9693746598020351], [155.0,-0.9781804174099958]]", "[[0.0,-0.0], [411.0,-1.0952793192046133], [50.0,-0.1975609756097561], [203.0,-1.012195513871334], [53.0,-0.7356101480176755], [89.0,-0.7853662757263524], [118.0,-0.9693746598020351], [155.0,-0.9781804174099958], [0.0,-0.0], [0.0,-0.0], [0.0,-0.0], [0.0,-0.0], [0.0,-0.0], [0.0,-0.0], [0.0,-0.0], [0.0,-0.0], [0.0,-0.0], [0.0,-0.0], [0.0,-0.0], [0.0,-0.0], [0.0,-0.0], [0.0,-0.0], [0.0,-0.0], [0.0,-0.0], [0.0,-0.0], [0.0,-0.0], [0.0,-0.0], [0.0,-0.0], [0.0,-0.0], [0.0,-0.0], [0.0,-0.0], [0.0,-0.0], [53.0,-0.7356101480176755], [53.0,-0.7356101480176755], [0.0,-0.0], [0.0,-0.0], [0.0,-0.0], [0.0,-0.0], [0.0,-0.0], [0.0,-0.0], [0.0,-0.0], [0.0,-0.0], [0.0,-0.0], [0.0,-0.0], [89.0,-0.7853662757263524], [0.0,-0.0], [89.0,-0.7853662757263524], [0.0,-0.0], [0.0,-0.0], [0.0,-0.0], [0.0,-0.0], [0.0,-0.0], [53.0,-0.7356101480176755], [0.0,-0.0], [0.0,-0.0], [0.0,-0.0], [89.0,-0.7853662757263524]]", 57
570, 4.458868848000001, "[[0.0,-0.0], [411.0,-1.0952793192046133], [50.0,-0.1975609756097561], [53.0,-0.7356101480176755], [240.0,-1.0455231914959364], [89.0,-0.7853662757263524], [118.0,-0.9693746598020351], [203.0,-1.012195513871334], [155.0,-0.9781804174099958]]", "[[0.0,-0.0], [411.0,-1.0952793192046133], [50.0,-0.1975609756097561], [53.0,-0.7356101480176755], [240.0,-1.0455231914959364], [89.0,-0.7853662757263524], [118.0,-0.9693746598020351], [203.0,-1.012195513871334], [155.0,-0.9781804174099958], [0.0,-0.0], [0.0,-0.0], [0.0,-0.0], [0.0,-0.0], [0.0,-0.0], [0.0,-0.0], [0.0,-0.0], [0.0,-0.0], [0.0,-0.0], [0.0,-0.0], [0.0,-0.0], [0.0,-0.0], [0.0,-0.0], [0.0,-0.0], [0.0,-0.0], [0.0,-0.0], [0.0,-0.0], [0.0,-0.0], [0.0,-0.0], [0.0,-0.0], [0.0,-0.0], [0.0,-0.0], [0.0,-0.0], [0.0,-0.0], [53.0,-0.7356101480176755], [53.0,-0.7356101480176755], [0.0,-0.0], [0.0,-0.0], [0.0,-0.0], [0.0,-0.0], [0.0,-0.0], [0.0,-0.0], [0.0,-0.0], [0.0,-0.0], [0.0,-0.0], [0.0,-0.0], [89.0,-0.7853662757263524], [0.0,-0.0], [89.0,-0.7853662757263524], [0.0,-0.0], [0.0,-0.0], [0.0,-0.0], [0.0,-0.0], [0.0,-0.0], [53.0,-0.7356101480176755], [0.0,-0.0], [0.0,-0.0], [0.0,-0.0]]", 57
627, 4.689955885000001, "[[0.0,-0.0], [411.0,-1.0952793192046133], [50.0,-0.1975609756097561], [53.0,-0.7356101480176755], [240.0,-1.0455231914959364], [89.0,-0.7853662757263524], [118.0,-0.9693746598020351], [203.0,-1.012195513871334], [155.0,-0.9781804174099958]]", "[[0.0,-0.0], [411.0,-1.0952793192046133], [50.0,-0.1975609756097561], [53.0,-0.7356101480176755], [240.0,-1.0455231914959364], [89.0,-0.7853662757263524], [118.0,-0.9693746598020351], [203.0,-1.012195513871334], [155.0,-0.9781804174099958], [0.0,-0.0], [0.0,-0.0], [0.0,-0.0], [0.0,-0.0], [0.0,-0.0], [0.0,-0.0], [0.0,-0.0], [0.0,-0.0], [0.0,-0.0], [0.0,-0.0], [0.0,-0.0], [0.0,-0.0], [0.0,-0.0], [0.0,-0.0], [0.0,-0.0], [0.0,-0.0], [0.0,-0.0], [0.0,-0.0], [0.0,-0.0], [0.0,-0.0], [0.0,-0.0], [0.0,-0.0], [0.0,-0.0], [0.0,-0.0], [53.0,-0.7356101480176755], [53.0,-0.7356101480176755], [0.0,-0.0], [0.0,-0.0], [0.0,-0.0], [0.0,-0.0], [0.0,-0.0], [0.0,-0.0], [0.0,-0.0], [0.0,-0.0], [0.0,-0.0], [0.0,-0.0], [89.0,-0.7853662757263524], [0.0,-0.0], [89.0,-0.7853662757263524], [0.0,-0.0], [0.0,-0.0], [0.0,-0.0], [0.0,-0.0], [0.0,-0.0], [53.0,-0.7356101480176755], [0.0,-0.0], [0.0,-0.0], [0.0,-0.0]]", 57
684, 5.189479558, "[[0.0,-0.0], [188.0,-1.0952793192046133], [50.0,-0.1975609756097561], [53.0,-0.7356101480176755], [89.0,-0.7853662757263524], [118.0,-0.9693746598020351], [155.0,-0.9781804174099958]]", "[[0.0,-0.0], [188.0,-1.0952793192046133], [50.0,-0.1975609756097561], [53.0,-0.7356101480176755], [89.0,-0.7853662757263524], [118.0,-0.9693746598020351], [155.0,-0.9781804174099958], [0.0,-0.0], [0.0,-0.0], [0.0,-0.0], [0.0,-0.0], [0.0,-0.0], [0.0,-0.0], [0.0,-0.0], [0.0,-0.0], [0.0,-0.0], [0.0,-0.0], [0.0,-0.0], [0.0,-0.0], [0.0,-0.0], [0.0,-0.0], [0.0,-0.0], [0.0,-0.0], [0.0,-0.0], [0.0,-0.0], [0.0,-0.0], [0.0,-0.0], [0.0,-0.0], [0.0,-0.0], [0.0,-0.0], [0.0,-0.0], [53.0,-0.7356101480176755], [53.0,-0.7356101480176755], [0.0,-0.0], [0.0,-0.0], [0.0,-0.0], [0.0,-0.0], [0.0,-0.0], [0.0,-0.0], [0.0,-0.0], [0.0,-0.0], [0.0,-0.0], [0.0,-0.0], [89.0,-0.7853662757263524], [0.0,-0.0], [89.0,-0.7853662757263524], [0.0,-0.0], [0.0,-0.0], [0.0,-0.0], [0.0,-0.0], [0.0,-0.0], [53.0,-0.7356101480176755], [0.0,-0.0], [0.0,-0.0], [0.0,-0.0], [0.0,-0.0], [0.0,-0.0]]", 57
741, 5.541765675000001, "[[0.0,-0.0], [188.0,-1.0952793192046133], [50.0,-0.1975609756097561], [53.0,-0.7356101480176755], [89.0,-0.7853662757263524], [118.0,-0.9693746598020351], [155.0,-0.9781804174099958]]", "[[0.0,-0.0], [188.0,-1.0952793192046133], [50.0,-0.1975609756097561], [53.0,-0.7356101480176755], [89.0,-0.7853662757263524], [118.0,-0.9693746598020351], [155.0,-0.9781804174099958], [0.0,-0.0], [0.0,-0.0], [0.0,-0.0], [0.0,-0.0], [0.0,-0.0], [0.0,-0.0], [0.0,-0.0], [0.0,-0.0], [0.0,-0.0], [0.0,-0.0], [0.0,-0.0], [0.0,-0.0], [0.0,-0.0], [0.0,-0.0], [0.0,-0.0], [0.0,-0.0], [0.0,-0.0], [0.0,-0.0], [0.0,-0.0], [0.0,-0.0], [0.0,-0.0], [0.0,-0.0], [0.0,-0.0], [0.0,-0.0], [53.0,-0.7356101480176755], [53.0,-0.7356101480176755], [0.0,-0.0], [0.0,-0.0], [0.0,-0.0], [0.0,-0.0], [0.0,-0.0], [0.0,-0.0], [0.0,-0.0], [0.0,-0.0], [0.0,-0.0], [0.0,-0.0], [89.0,-0.7853662757263524], [0.0,-0.0], [89.0,-0.7853662757263524], [0.0,-0.0], [0.0,-0.0], [0.0,-0.0], [0.0,-0.0], [0.0,-0.0], [53.0,-0.7356101480176755], [0.0,-0.0], [0.0,-0.0], [0.0,-0.0], [0.0,-0.0], [0.0,-0.0]]", 57
798, 5.8245746480000005, "[[0.0,-0.0], [188.0,-1.0952793192046133], [50.0,-0.1975609756097561], [53.0,-0.7356101480176755], [89.0,-0.7853662757263524], [118.0,-0.9693746598020351], [155.0,-0.9781804174099958]]", "[[0.0,-0.0], [188.0,-1.0952793192046133], [50.0,-0.1975609756097561], [53.0,-0.7356101480176755], [89.0,-0.7853662757263524], [118.0,-0.9693746598020351], [155.0,-0.9781804174099958], [0.0,-0.0], [0.0,-0.0], [0.0,-0.0], [0.0,-0.0], [0.0,-0.0], [0.0,-0.0], [0.0,-0.0], [0.0,-0.0], [0.0,-0.0], [0.0,-0.0], [0.0,-0.0], [0.0,-0.0], [0.0,-0.0], [0.0,-0.0], [0.0,-0.0], [0.0,-0.0], [0.0,-0.0], [0.0,-0.0], [0.0,-0.0], [0.0,-0.0], [0.0,-0.0], [0.0,-0.0], [0.0,-0.0], [0.0,-0.0], [53.0,-0.7356101480176755], [53.0,-0.7356101480176755], [0.0,-0.0], [0.0,-0.0], [0.0,-0.0], [0.0,-0.0], [0.0,-0.0], [0.0,-0.0], [0.0,-0.0], [0.0,-0.0], [0.0,-0.0], [0.0,-0.0], [89.0,-0.7853662757263524], [0.0,-0.0], [89.0,-0.7853662757263524], [0.0,-0.0], [0.0,-0.0], [0.0,-0.0], [0.0,-0.0], [0.0,-0.0], [53.0,-0.7356101480176755], [0.0,-0.0], [0.0,-0.0], [0.0,-0.0], [0.0,-0.0], [0.0,-0.0]]", 57
855, 6.127082616, "[[0.0,-0.0], [188.0,-1.0952793192046133], [50.0,-0.1975609756097561], [53.0,-0.7356101480176755], [155.0,-0.9781804174099958], [89.0,-0.7853662757263524], [103.0,-0.9331711236274316], [118.0,-0.9693746598020351]]", "[[0.0,-0.0], [188.0,-1.0952793192046133], [50.0,-0.1975609756097561], [53.0,-0.7356101480176755], [155.0,-0.9781804174099958], [89.0,-0.7853662757263524], [103.0,-0.9331711236274316], [118.0,-0.9693746598020351], [0.0,-0.0], [0.0,-0.0], [0.0,-0.0], [0.0,-0.0], [0.0,-0.0], [0.0,-0.0], [0.0,-0.0], [0.0,-0.0], [0.0,-0.0], [0.0,-0.0], [0.0,-0.0], [0.0,-0.0], [0.0,-0.0], [0.0,-0.0], [0.0,-0.0], [0.0,-0.0], [0.0,-0.0], [0.0,-0.0], [0.0,-0.0], [0.0,-0.0], [0.0,-0.0], [0.0,-0.0], [0.0,-0.0], [0.0,-0.0], [53.0,-0.7356101480176755], [53.0,-0.7356101480176755], [0.0,-0.0], [0.0,-0.0], [0.0,-0.0], [0.0,-0.0], [0.0,-0.0], [0.0,-0.0], [0.0,-0.0], [0.0,-0.0], [0.0,-0.0], [0.0,-0.0], [89.0,-0.7853662757263524], [0.0,-0.0], [89.0,-0.7853662757263524], [0.0,-0.0], [0.0,-0.0], [0.0,-0.0], [0.0,-0.0], [0.0,-0.0], [53.0,-0.7356101480176755], [0.0,-0.0], [0.0,-0.0], [0.0,-0.0], [0.0,-0.0]]", 57
912, 6.346657732000001, "[[0.0,-0.0], [315.0,-1.1669356354117912], [50.0,-0.1975609756097561], [188.0,-1.0952793192046133], [53.0,-0.7356101480176755], [155.0,-0.9781804174099958], [89.0,-0.7853662757263524], [103.0,-0.9331711236274316], [118.0,-0.9693746598020351]]", "[[0.0,-0.0], [315.0,-1.1669356354117912], [50.0,-0.1975609756097561], [188.0,-1.0952793192046133], [53.0,-0.7356101480176755], [155.0,-0.9781804174099958], [89.0,-0.7853662757263524], [103.0,-0.9331711236274316], [118.0,-0.9693746598020351], [0.0,-0.0], [0.0,-0.0], [0.0,-0.0], [0.0,-0.0], [0.0,-0.0], [0.0,-0.0], [0.0,-0.0], [0.0,-0.0], [0.0,-0.0], [0.0,-0.0], [0.0,-0.0], [0.0,-0.0], [0.0,-0.0], [0.0,-0.0], [0.0,-0.0], [0.0,-0.0], [0.0,-0.0], [0.0,-0.0], [0.0,-0.0], [0.0,-0.0], [0.0,-0.0], [0.0,-0.0], [0.0,-0.0], [0.0,-0.0], [53.0,-0.7356101480176755], [53.0,-0.7356101480176755], [0.0,-0.0], [0.0,-0.0], [0.0,-0.0], [0.0,-0.0], [0.0,-0.0], [0.0,-0.0], [0.0,-0.0], [0.0,-0.0], [0.0,-0.0], [0.0,-0.0], [89.0,-0.7853662757263524], [0.0,-0.0], [89.0,-0.7853662757263524], [0.0,-0.0], [0.0,-0.0], [0.0,-0.0], [0.0,-0.0], [0.0,-0.0], [53.0,-0.7356101480176755], [0.0,-0.0], [0.0,-0.0], [0.0,-0.0]]", 57
969, 6.567940502000001, "[[0.0,-0.0], [315.0,-1.1669356354117912], [50.0,-0.1975609756097561], [188.0,-1.0952793192046133], [53.0,-0.7356101480176755], [155.0,-0.9781804174099958], [89.0,-0.7853662757263524], [103.0,-0.9331711236274316], [118.0,-0.9693746598020351]]", "[[0.0,-0.0], [315.0,-1.1669356354117912], [50.0,-0.1975609756097561], [188.0,-1.0952793192046133], [53.0,-0.7356101480176755], [155.0,-0.9781804174099958], [89.0,-0.7853662757263524], [103.0,-0.9331711236274316], [118.0,-0.9693746598020351], [0.0,-0.0], [0.0,-0.0], [0.0,-0.0], [0.0,-0.0], [0.0,-0.0], [0.0,-0.0], [0.0,-0.0], [0.0,-0.0], [0.0,-0.0], [0.0,-0.0], [0.0,-0.0], [0.0,-0.0], [0.0,-0.0], [0.0,-0.0], [0.0,-0.0], [0.0,-0.0], [0.0,-0.0], [0.0,-0.0], [0.0,-0.0], [0.0,-0.0], [0.0,-0.0], [0.0,-0.0], [0.0,-0.0], [0.0,-0.0], [53.0,-0.7356101480176755], [53.0,-0.7356101480176755], [0.0,-0.0], [0.0,-0.0], [0.0,-0.0], [0.0,-0.0], [0.0,-0.0], [0.0,-0.0], [0.0,-0.0], [0.0,-0.0], [0.0,-0.0], [0.0,-0.0], [89.0,-0.7853662757263524], [0.0,-0.0], [89.0,-0.7853662757263524], [0.0,-0.0], [0.0,-0.0], [0.0,-0.0], [0.0,-0.0], [0.0,-0.0], [53.0,-0.7356101480176755], [0.0,-0.0], [0.0,-0.0], [0.0,-0.0]]", 57
1026, 6.7718129220000005, "[[0.0,-0.0], [315.0,-1.1669356354117912], [50.0,-0.1975609756097561], [53.0,-0.7356101480176755], [188.0,-1.0952793192046133], [89.0,-0.7853662757263524], [103.0,-0.9331711236274316], [155.0,-0.9781804174099958], [170.0,-1.0367174338879757], [118.0,-0.9693746598020351]]", "[[0.0,-0.0], [315.0,-1.1669356354117912], [50.0,-0.1975609756097561], [53.0,-0.7356101480176755], [188.0,-1.0952793192046133], [89.0,-0.7853662757263524], [103.0,-0.9331711236274316], [155.0,-0.9781804174099958], [170.0,-1.0367174338879757], [118.0,-0.9693746598020351], [0.0,-0.0], [0.0,-0.0], [0.0,-0.0], [0.0,-0.0], [0.0,-0.0], [0.0,-0.0], [0.0,-0.0], [0.0,-0.0], [0.0,-0.0], [0.0,-0.0], [0.0,-0.0], [0.0,-0.0], [0.0,-0.0], [0.0,-0.0], [0.0,-0.0], [0.0,-0.0], [0.0,-0.0], [0.0,-0.0], [0.0,-0.0], [0.0,-0.0], [0.0,-0.0], [0.0,-0.0], [0.0,-0.0], [0.0,-0.0], [53.0,-0.7356101480176755], [53.0,-0.7356101480176755], [0.0,-0.0], [0.0,-0.0], [0.0,-0.0], [0.0,-0.0], [0.0,-0.0], [0.0,-0.0], [0.0,-0.0], [0.0,-0.0], [0.0,-0.0], [0.0,-0.0], [89.0,-0.7853662757263524], [0.0,-0.0], [89.0,-0.7853662757263524], [0.0,-0.0], [0.0,-0.0], [0.0,-0.0], [0.0,-0.0], [0.0,-0.0], [53.0,-0.7356101480176755], [0.0,-0.0], [0.0,-0.0]]", 57
1083, 6.993975919, "[[0.0,-0.0], [315.0,-1.1669356354117912], [50.0,-0.1975609756097561], [53.0,-0.7356101480176755], [188.0,-1.0952793192046133], [89.0,-0.7853662757263524], [103.0,-0.9331711236274316], [155.0,-0.9781804174099958], [170.0,-1.0367174338879757], [118.0,-0.9693746598020351]]", "[[0.0,-0.0], [315.0,-1.1669356354117912], [50.0,-0.1975609756097561], [53.0,-0.7356101480176755], [188.0,-1.0952793192046133], [89.0,-0.7853662757263524], [103.0,-0.9331711236274316], [155.0,-0.9781804174099958], [170.0,-1.0367174338879757], [118.0,-0.9693746598020351], [0.0,-0.0], [0.0,-0.0], [0.0,-0.0], [0.0,-0.0], [0.0,-0.0], [0.0,-0.0], [0.0,-0.0], [0.0,-0.0], [0.0,-0.0], [0.0,-0.0], [0.0,-0.0], [0.0,-0.0], [0.0,-0.0], [0.0,-0.0], [0.0,-0.0], [0.0,-0.0], [0.0,-0.0], [0.0,-0.0], [0.0,-0.0], [0.0,-0.0], [0.0,-0.0], [0.0,-0.0], [0.0,-0.0], [0.0,-0.0], [53.0,-0.7356101480176755], [53.0,-0.7356101480176755], [0.0,-0.0], [0.0,-0.0], [0.0,-0.0], [0.0,-0.0], [0.0,-0.0], [0.0,-0.0], [0.0,-0.0], [0.0,-0.0], [0.0,-0.0], [0.0,-0.0], [89.0,-0.7853662757263524], [0.0,-0.0], [89.0,-0.7853662757263524], [0.0,-0.0], [0.0,-0.0], [0.0,-0.0], [0.0,-0.0], [0.0,-0.0], [53.0,-0.7356101480176755], [0.0,-0.0], [0.0,-0.0]]", 57
1140, 7.237372436, "[[0.0,-0.0], [163.0,-1.4038775219494106], [50.0,-0.1975609756097561], [53.0,-0.7356101480176755], [155.0,-0.9781804174099958], [89.0,-0.7853662757263524], [118.0,-0.9693746598020351], [103.0,-0.9331711236274316]]", "[[0.0,-0.0], [163.0,-1.4038775219494106], [50.0,-0.1975609756097561], [53.0,-0.7356101480176755], [155.0,-0.9781804174099958], [89.0,-0.7853662757263524], [118.0,-0.9693746598020351], [103.0,-0.9331711236274316], [0.0,-0.0], [0.0,-0.0], [0.0,-0.0], [0.0,-0.0], [0.0,-0.0], [0.0,-0.0], [0.0,-0.0], [0.0,-0.0], [0.0,-0.0], [0.0,-0.0], [0.0,-0.0], [0.0,-0.0], [0.0,-0.0], [0.0,-0.0], [0.0,-0.0], [0.0,-0.0], [0.0,-0.0], [0.0,-0.0], [0.0,-0.0], [0.0,-0.0], [0.0,-0.0], [0.0,-0.0], [0.0,-0.0], [0.0,-0.0], [53.0,-0.7356101480176755], [53.0,-0.7356101480176755], [0.0,-0.0], [0.0,-0.0], [0.0,-0.0], [0.0,-0.0], [0.0,-0.0], [0.0,-0.0], [0.0,-0.0], [0.0,-0.0], [0.0,-0.0], [0.0,-0.0], [89.0,-0.7853662757263524], [0.0,-0.0], [89.0,-0.7853662757263524], [0.0,-0.0], [0.0,-0.0], [0.0,-0.0], [0.0,-0.0], [0.0,-0.0], [53.0,-0.7356101480176755], [0.0,-0.0], [0.0,-0.0], [0.0,-0.0], [0.0,-0.0]]", 57
1197, 7.444331332000001, "[[0.0,-0.0], [163.0,-1.4038775219494106], [50.0,-0.1975609756097561], [53.0,-0.7356101480176755], [155.0,-0.9781804174099958], [89.0,-0.7853662757263524], [118.0,-0.9693746598020351], [103.0,-0.9331711236274316]]", "[[0.0,-0.0], [163.0,-1.4038775219494106], [50.0,-0.1975609756097561], [53.0,-0.7356101480176755], [155.0,-0.9781804174099958], [89.0,-0.7853662757263524], [118.0,-0.9693746598020351], [103.0,-0.9331711236274316], [0.0,-0.0], [0.0,-0.0], [0.0,-0.0], [0.0,-0.0], [0.0,-0.0], [0.0,-0.0], [0.0,-0.0], [0.0,-0.0], [0.0,-0.0], [0.0,-0.0], [0.0,-0.0], [0.0,-0.0], [0.0,-0.0], [0.0,-0.0], [0.0,-0.0], [0.0,-0.0], [0.0,-0.0], [0.0,-0.0], [0.0,-0.0], [0.0,-0.0], [0.0,-0.0], [0.0,-0.0], [0.0,-0.0], [0.0,-0.0], [53.0,-0.7356101480176755], [53.0,-0.7356101480176755], [0.0,-0.0], [0.0,-0.0], [0.0,-0.0], [0.0,-0.0], [0.0,-0.0], [0.0,-0.0], [0.0,-0.0], [0.0,-0.0], [0.0,-0.0], [0.0,-0.0], [89.0,-0.7853662757263524], [0.0,-0.0], [89.0,-0.7853662757263524], [0.0,-0.0], [0.0,-0.0], [0.0,-0.0], [0.0,-0.0], [0.0,-0.0], [53.0,-0.7356101480176755], [0.0,-0.0], [0.0,-0.0], [0.0,-0.0], [0.0,-0.0]]", 57
1254, 7.687270586, "[[0.0,-0.0], [163.0,-1.4038775219494106], [50.0,-0.1975609756097561], [53.0,-0.7356101480176755], [155.0,-0.9781804174099958], [89.0,-0.7853662757263524], [118.0,-0.9693746598020351], [103.0,-0.9331711236274316]]", "[[0.0,-0.0], [163.0,-1.4038775219494106], [50.0,-0.1975609756097561], [53.0,-0.7356101480176755], [155.0,-0.9781804174099958], [89.0,-0.7853662757263524], [118.0,-0.9693746598020351], [103.0,-0.9331711236274316], [0.0,-0.0], [0.0,-0.0], [0.0,-0.0], [0.0,-0.0], [0.0,-0.0], [0.0,-0.0], [0.0,-0.0], [0.0,-0.0], [0.0,-0.0], [0.0,-0.0], [0.0,-0.0], [0.0,-0.0], [0.0,-0.0], [0.0,-0.0], [0.0,-0.0], [0.0,-0.0], [0.0,-0.0], [0.0,-0.0], [0.0,-0.0], [0.0,-0.0], [0.0,-0.0], [0.0,-0.0], [0.0,-0.0], [0.0,-0.0], [53.0,-0.7356101480176755], [53.0,-0.7356101480176755], [0.0,-0.0], [0.0,-0.0], [0.0,-0.0], [0.0,-0.0], [0.0,-0.0], [0.0,-0.0], [0.0,-0.0], [0.0,-0.0], [0.0,-0.0], [0.0,-0.0], [89.0,-0.7853662757263524], [0.0,-0.0], [89.0,-0.7853662757263524], [0.0,-0.0], [0.0,-0.0], [0.0,-0.0], [0.0,-0.0], [0.0,-0.0], [53.0,-0.7356101480176755], [0.0,-0.0], [0.0,-0.0], [0.0,-0.0], [0.0,-0.0]]", 57
1311, 7.897618793, "[[0.0,-0.0], [163.0,-1.4038775219494106], [50.0,-0.1975609756097561], [53.0,-0.7356101480176755], [155.0,-0.9781804174099958], [89.0,-0.7853662757263524], [118.0,-0.9693746598020351], [103.0,-0.9331711236274316]]", "[[0.0,-0.0], [163.0,-1.4038775219494106], [50.0,-0.1975609756097561], [53.0,-0.7356101480176755], [155.0,-0.9781804174099958], [89.0,-0.7853662757263524], [118.0,-0.9693746598020351], [103.0,-0.9331711236274316], [0.0,-0.0], [0.0,-0.0], [0.0,-0.0], [0.0,-0.0], [0.0,-0.0], [0.0,-0.0], [0.0,-0.0], [0.0,-0.0], [0.0,-0.0], [0.0,-0.0], [0.0,-0.0], [0.0,-0.0], [0.0,-0.0], [0.0,-0.0], [0.0,-0.0], [0.0,-0.0], [0.0,-0.0], [0.0,-0.0], [0.0,-0.0], [0.0,-0.0], [0.0,-0.0], [0.0,-0.0], [0.0,-0.0], [0.0,-0.0], [53.0,-0.7356101480176755], [53.0,-0.7356101480176755], [0.0,-0.0], [0.0,-0.0], [0.0,-0.0], [0.0,-0.0], [0.0,-0.0], [0.0,-0.0], [0.0,-0.0], [0.0,-0.0], [0.0,-0.0], [0.0,-0.0], [89.0,-0.7853662757263524], [0.0,-0.0], [89.0,-0.7853662757263524], [0.0,-0.0], [0.0,-0.0], [0.0,-0.0], [0.0,-0.0], [0.0,-0.0], [53.0,-0.7356101480176755], [0.0,-0.0], [0.0,-0.0], [0.0,-0.0], [0.0,-0.0]]", 57
1368, 8.147011074, "[[0.0,-0.0], [163.0,-1.4038775219494106], [50.0,-0.1975609756097561], [53.0,-0.7356101480176755], [155.0,-0.9781804174099958], [89.0,-0.7853662757263524], [118.0,-0.9693746598020351], [103.0,-0.9331711236274316]]", "[[0.0,-0.0], [163.0,-1.4038775219494106], [50.0,-0.1975609756097561], [53.0,-0.7356101480176755], [155.0,-0.9781804174099958], [89.0,-0.7853662757263524], [118.0,-0.9693746598020351], [103.0,-0.9331711236274316], [0.0,-0.0], [0.0,-0.0], [0.0,-0.0], [0.0,-0.0], [0.0,-0.0], [0.0,-0.0], [0.0,-0.0], [0.0,-0.0], [0.0,-0.0], [0.0,-0.0], [0.0,-0.0], [0.0,-0.0], [0.0,-0.0], [0.0,-0.0], [0.0,-0.0], [0.0,-0.0], [0.0,-0.0], [0.0,-0.0], [0.0,-0.0], [0.0,-0.0], [0.0,-0.0], [0.0,-0.0], [0.0,-0.0], [0.0,-0.0], [53.0,-0.7356101480176755], [53.0,-0.7356101480176755], [0.0,-0.0], [0.0,-0.0], [0.0,-0.0], [0.0,-0.0], [0.0,-0.0], [0.0,-0.0], [0.0,-0.0], [0.0,-0.0], [0.0,-0.0], [0.0,-0.0], [89.0,-0.7853662757263524], [0.0,-0.0], [89.0,-0.7853662757263524], [0.0,-0.0], [0.0,-0.0], [0.0,-0.0], [0.0,-0.0], [0.0,-0.0], [53.0,-0.7356101480176755], [0.0,-0.0], [0.0,-0.0], [0.0,-0.0], [0.0,-0.0]]", 57
1425, 8.356238749000001, "[[0.0,-0.0], [163.0,-1.4038775219494106], [50.0,-0.1975609756097561], [53.0,-0.7356101480176755], [155.0,-0.9781804174099958], [89.0,-0.7853662757263524], [118.0,-0.9693746598020351], [103.0,-0.9331711236274316]]", "[[0.0,-0.0], [163.0,-1.4038775219494106], [50.0,-0.1975609756097561], [53.0,-0.7356101480176755], [155.0,-0.9781804174099958], [89.0,-0.7853662757263524], [118.0,-0.9693746598020351], [103.0,-0.9331711236274316], [0.0,-0.0], [0.0,-0.0], [0.0,-0.0], [0.0,-0.0], [0.0,-0.0], [0.0,-0.0], [0.0,-0.0], [0.0,-0.0], [0.0,-0.0], [0.0,-0.0], [0.0,-0.0], [0.0,-0.0], [0.0,-0.0], [0.0,-0.0], [0.0,-0.0], [0.0,-0.0], [0.0,-0.0], [0.0,-0.0], [0.0,-0.0], [0.0,-0.0], [0.0,-0.0], [0.0,-0.0], [0.0,-0.0], [0.0,-0.0], [53.0,-0.7356101480176755], [53.0,-0.7356101480176755], [0.0,-0.0], [0.0,-0.0], [0.0,-0.0], [0.0,-0.0], [0.0,-0.0], [0.0,-0.0], [0.0,-0.0], [0.0,-0.0], [0.0,-0.0], [0.0,-0.0], [89.0,-0.7853662757263524], [0.0,-0.0], [89.0,-0.7853662757263524], [0.0,-0.0], [0.0,-0.0], [0.0,-0.0], [0.0,-0.0], [0.0,-0.0], [53.0,-0.7356101480176755], [0.0,-0.0], [0.0,-0.0], [0.0,-0.0], [0.0,-0.0]]", 57
1482, 8.596720219, "[[0.0,-0.0], [163.0,-1.4038775219494106], [50.0,-0.1975609756097561], [115.0,-1.0367174338879757], [53.0,-0.7356101480176755], [89.0,-0.7853662757263524], [103.0,-0.9331711236274316]]", "[[0.0,-0.0], [163.0,-1.4038775219494106], [50.0,-0.1975609756097561], [115.0,-1.0367174338879757], [53.0,-0.7356101480176755], [89.0,-0.7853662757263524], [103.0,-0.9331711236274316], [0.0,-0.0], [0.0,-0.0], [0.0,-0.0], [0.0,-0.0], [0.0,-0.0], [0.0,-0.0], [0.0,-0.0], [0.0,-0.0], [0.0,-0.0], [0.0,-0.0], [0.0,-0.0], [0.0,-0.0], [0.0,-0.0], [0.0,-0.0], [0.0,-0.0], [0.0,-0.0], [0.0,-0.0], [0.0,-0.0], [0.0,-0.0], [0.0,-0.0], [0.0,-0.0], [0.0,-0.0], [0.0,-0.0], [0.0,-0.0], [53.0,-0.7356101480176755], [53.0,-0.7356101480176755], [0.0,-0.0], [0.0,-0.0], [0.0,-0.0], [0.0,-0.0], [0.0,-0.0], [0.0,-0.0], [0.0,-0.0], [0.0,-0.0], [0.0,-0.0], [0.0,-0.0], [89.0,-0.7853662757263524], [0.0,-0.0], [89.0,-0.7853662757263524], [0.0,-0.0], [0.0,-0.0], [0.0,-0.0], [0.0,-0.0], [0.0,-0.0], [53.0,-0.7356101480176755], [0.0,-0.0], [0.0,-0.0], [0.0,-0.0], [0.0,-0.0], [0.0,-0.0]]", 57
1539, 8.820186113, "[[0.0,-0.0], [163.0,-1.4038775219494106], [50.0,-0.1975609756097561], [115.0,-1.0367174338879757], [53.0,-0.7356101480176755], [89.0,-0.7853662757263524], [103.0,-0.9331711236274316]]", "[[0.0,-0.0], [163.0,-1.4038775219494106], [50.0,-0.1975609756097561], [115.0,-1.0367174338879757], [53.0,-0.7356101480176755], [89.0,-0.7853662757263524], [103.0,-0.9331711236274316], [0.0,-0.0], [0.0,-0.0], [0.0,-0.0], [0.0,-0.0], [0.0,-0.0], [0.0,-0.0], [0.0,-0.0], [0.0,-0.0], [0.0,-0.0], [0.0,-0.0], [0.0,-0.0], [0.0,-0.0], [0.0,-0.0], [0.0,-0.0], [0.0,-0.0], [0.0,-0.0], [0.0,-0.0], [0.0,-0.0], [0.0,-0.0], [0.0,-0.0], [0.0,-0.0], [0.0,-0.0], [0.0,-0.0], [0.0,-0.0], [53.0,-0.7356101480176755], [53.0,-0.7356101480176755], [0.0,-0.0], [0.0,-0.0], [0.0,-0.0], [0.0,-0.0], [0.0,-0.0], [0.0,-0.0], [0.0,-0.0], [0.0,-0.0], [0.0,-0.0], [0.0,-0.0], [89.0,-0.7853662757263524], [0.0,-0.0], [89.0,-0.7853662757263524], [0.0,-0.0], [0.0,-0.0], [0.0,-0.0], [0.0,-0.0], [0.0,-0.0], [53.0,-0.7356101480176755], [0.0,-0.0], [0.0,-0.0], [0.0,-0.0], [0.0,-0.0], [0.0,-0.0]]", 57
1596, 9.055502025000001, "[[0.0,-0.0], [163.0,-1.4038775219494106], [50.0,-0.1975609756097561], [115.0,-1.0367174338879757], [53.0,-0.7356101480176755], [89.0,-0.7853662757263524], [103.0,-0.9331711236274316]]", "[[0.0,-0.0], [163.0,-1.4038775219494106], [50.0,-0.1975609756097561], [115.0,-1.0367174338879757], [53.0,-0.7356101480176755], [89.0,-0.7853662757263524], [103.0,-0.9331711236274316], [0.0,-0.0], [0.0,-0.0], [0.0,-0.0], [0.0,-0.0], [0.0,-0.0], [0.0,-0.0], [0.0,-0.0], [0.0,-0.0], [0.0,-0.0], [0.0,-0.0], [0.0,-0.0], [0.0,-0.0], [0.0,-0.0], [0.0,-0.0], [0.0,-0.0], [0.0,-0.0], [0.0,-0.0], [0.0,-0.0], [0.0,-0.0], [0.0,-0.0], [0.0,-0.0], [0.0,-0.0], [0.0,-0.0], [0.0,-0.0], [53.0,-0.7356101480176755], [53.0,-0.7356101480176755], [0.0,-0.0], [0.0,-0.0], [0.0,-0.0], [0.0,-0.0], [0.0,-0.0], [0.0,-0.0], [0.0,-0.0], [0.0,-0.0], [0.0,-0.0], [0.0,-0.0], [89.0,-0.7853662757263524], [0.0,-0.0], [89.0,-0.7853662757263524], [0.0,-0.0], [0.0,-0.0], [0.0,-0.0], [0.0,-0.0], [0.0,-0.0], [53.0,-0.7356101480176755], [0.0,-0.0], [0.0,-0.0], [0.0,-0.0], [0.0,-0.0], [0.0,-0.0]]", 57
1653, 9.281102384, "[[0.0,-0.0], [163.0,-1.4038775219494106], [50.0,-0.1975609756097561], [115.0,-1.0367174338879757], [53.0,-0.7356101480176755], [89.0,-0.7853662757263524], [103.0,-0.9331711236274316]]", "[[0.0,-0.0], [163.0,-1.4038775219494106], [50.0,-0.1975609756097561], [115.0,-1.0367174338879757], [53.0,-0.7356101480176755], [89.0,-0.7853662757263524], [103.0,-0.9331711236274316], [0.0,-0.0], [0.0,-0.0], [0.0,-0.0], [0.0,-0.0], [0.0,-0.0], [0.0,-0.0], [0.0,-0.0], [0.0,-0.0], [0.0,-0.0], [0.0,-0.0], [0.0,-0.0], [0.0,-0.0], [0.0,-0.0], [0.0,-0.0], [0.0,-0.0], [0.0,-0.0], [0.0,-0.0], [0.0,-0.0], [0.0,-0.0], [0.0,-0.0], [0.0,-0.0], [0.0,-0.0], [0.0,-0.0], [0.0,-0.0], [53.0,-0.7356101480176755], [53.0,-0.7356101480176755], [0.0,-0.0], [0.0,-0.0], [0.0,-0.0], [0.0,-0.0], [0.0,-0.0], [0.0,-0.0], [0.0,-0.0], [0.0,-0.0], [0.0,-0.0], [0.0,-0.0], [89.0,-0.7853662757263524], [0.0,-0.0], [89.0,-0.7853662757263524], [0.0,-0.0], [0.0,-0.0], [0.0,-0.0], [0.0,-0.0], [0.0,-0.0], [53.0,-0.7356101480176755], [0.0,-0.0], [0.0,-0.0], [0.0,-0.0], [0.0,-0.0], [0.0,-0.0]]", 57
1710, 9.518555247, "[[0.0,-0.0], [163.0,-1.4038775219494106], [50.0,-0.1975609756097561], [115.0,-1.0367174338879757], [53.0,-0.7356101480176755], [89.0,-0.7853662757263524], [103.0,-0.9331711236274316]]", "[[0.0,-0.0], [163.0,-1.4038775219494106], [50.0,-0.1975609756097561], [115.0,-1.0367174338879757], [53.0,-0.7356101480176755], [89.0,-0.7853662757263524], [103.0,-0.9331711236274316], [0.0,-0.0], [0.0,-0.0], [0.0,-0.0], [0.0,-0.0], [0.0,-0.0], [0.0,-0.0], [0.0,-0.0], [0.0,-0.0], [0.0,-0.0], [0.0,-0.0], [0.0,-0.0], [0.0,-0.0], [0.0,-0.0], [0.0,-0.0], [0.0,-0.0], [0.0,-0.0], [0.0,-0.0], [0.0,-0.0], [0.0,-0.0], [0.0,-0.0], [0.0,-0.0], [0.0,-0.0], [0.0,-0.0], [0.0,-0.0], [53.0,-0.7356101480176755], [53.0,-0.7356101480176755], [0.0,-0.0], [0.0,-0.0], [0.0,-0.0], [0.0,-0.0], [0.0,-0.0], [0.0,-0.0], [0.0,-0.0], [0.0,-0.0], [0.0,-0.0], [0.0,-0.0], [89.0,-0.7853662757263524], [0.0,-0.0], [89.0,-0.7853662757263524], [0.0,-0.0], [0.0,-0.0], [0.0,-0.0], [0.0,-0.0], [0.0,-0.0], [53.0,-0.7356101480176755], [0.0,-0.0], [0.0,-0.0], [0.0,-0.0], [0.0,-0.0], [0.0,-0.0]]", 57
1767, 9.784919708, "[[0.0,-0.0], [163.0,-1.4038775219494106], [50.0,-0.1975609756097561], [115.0,-1.0367174338879757], [53.0,-0.7356101480176755], [89.0,-0.7853662757263524], [103.0,-0.9331711236274316]]", "[[0.0,-0.0], [163.0,-1.4038775219494106], [50.0,-0.1975609756097561], [115.0,-1.0367174338879757], [53.0,-0.7356101480176755], [89.0,-0.7853662757263524], [103.0,-0.9331711236274316], [0.0,-0.0], [0.0,-0.0], [0.0,-0.0], [0.0,-0.0], [0.0,-0.0], [0.0,-0.0], [0.0,-0.0], [0.0,-0.0], [0.0,-0.0], [0.0,-0.0], [0.0,-0.0], [0.0,-0.0], [0.0,-0.0], [0.0,-0.0], [0.0,-0.0], [0.0,-0.0], [0.0,-0.0], [0.0,-0.0], [0.0,-0.0], [0.0,-0.0], [0.0,-0.0], [0.0,-0.0], [0.0,-0.0], [0.0,-0.0], [53.0,-0.7356101480176755], [53.0,-0.7356101480176755], [0.0,-0.0], [0.0,-0.0], [0.0,-0.0], [0.0,-0.0], [0.0,-0.0], [0.0,-0.0], [0.0,-0.0], [0.0,-0.0], [0.0,-0.0], [0.0,-0.0], [89.0,-0.7853662757263524], [0.0,-0.0], [89.0,-0.7853662757263524], [0.0,-0.0], [0.0,-0.0], [0.0,-0.0], [0.0,-0.0], [0.0,-0.0], [53.0,-0.7356101480176755], [0.0,-0.0], [0.0,-0.0], [0.0,-0.0], [0.0,-0.0], [0.0,-0.0]]", 57
1824, 10.003431359, "[[0.0,-0.0], [163.0,-1.4038775219494106], [50.0,-0.1975609756097561], [115.0,-1.0367174338879757], [53.0,-0.7356101480176755], [89.0,-0.7853662757263524], [103.0,-0.9331711236274316]]", "[[0.0,-0.0], [163.0,-1.4038775219494106], [50.0,-0.1975609756097561], [115.0,-1.0367174338879757], [53.0,-0.7356101480176755], [89.0,-0.7853662757263524], [103.0,-0.9331711236274316], [0.0,-0.0], [0.0,-0.0], [0.0,-0.0], [0.0,-0.0], [0.0,-0.0], [0.0,-0.0], [0.0,-0.0], [0.0,-0.0], [0.0,-0.0], [0.0,-0.0], [0.0,-0.0], [0.0,-0.0], [0.0,-0.0], [0.0,-0.0], [0.0,-0.0], [0.0,-0.0], [0.0,-0.0], [0.0,-0.0], [0.0,-0.0], [0.0,-0.0], [0.0,-0.0], [0.0,-0.0], [0.0,-0.0], [0.0,-0.0], [53.0,-0.7356101480176755], [53.0,-0.7356101480176755], [0.0,-0.0], [0.0,-0.0], [0.0,-0.0], [0.0,-0.0], [0.0,-0.0], [0.0,-0.0], [0.0,-0.0], [0.0,-0.0], [0.0,-0.0], [0.0,-0.0], [89.0,-0.7853662757263524], [0.0,-0.0], [89.0,-0.7853662757263524], [0.0,-0.0], [0.0,-0.0], [0.0,-0.0], [0.0,-0.0], [0.0,-0.0], [53.0,-0.7356101480176755], [0.0,-0.0], [0.0,-0.0], [0.0,-0.0], [0.0,-0.0], [0.0,-0.0]]", 57
1881, 10.342176902, "[[0.0,-0.0], [163.0,-1.4038775219494106], [50.0,-0.1975609756097561], [115.0,-1.0367174338879757], [53.0,-0.7356101480176755], [89.0,-0.7853662757263524], [103.0,-0.9331711236274316]]", "[[0.0,-0.0], [163.0,-1.4038775219494106], [50.0,-0.1975609756097561], [115.0,-1.0367174338879757], [53.0,-0.7356101480176755], [89.0,-0.7853662757263524], [103.0,-0.9331711236274316], [0.0,-0.0], [0.0,-0.0], [0.0,-0.0], [0.0,-0.0], [0.0,-0.0], [0.0,-0.0], [0.0,-0.0], [0.0,-0.0], [0.0,-0.0], [0.0,-0.0], [0.0,-0.0], [0.0,-0.0], [0.0,-0.0], [0.0,-0.0], [0.0,-0.0], [0.0,-0.0], [0.0,-0.0], [0.0,-0.0], [0.0,-0.0], [0.0,-0.0], [0.0,-0.0], [0.0,-0.0], [0.0,-0.0], [0.0,-0.0], [53.0,-0.7356101480176755], [53.0,-0.7356101480176755], [0.0,-0.0], [0.0,-0.0], [0.0,-0.0], [0.0,-0.0], [0.0,-0.0], [0.0,-0.0], [0.0,-0.0], [0.0,-0.0], [0.0,-0.0], [0.0,-0.0], [89.0,-0.7853662757263524], [0.0,-0.0], [89.0,-0.7853662757263524], [0.0,-0.0], [0.0,-0.0], [0.0,-0.0], [0.0,-0.0], [0.0,-0.0], [53.0,-0.7356101480176755], [0.0,-0.0], [0.0,-0.0], [0.0,-0.0], [0.0,-0.0], [0.0,-0.0]]", 57
1938, 10.696733049, "[[0.0,-0.0], [163.0,-1.4038775219494106], [50.0,-0.1975609756097561], [115.0,-1.0367174338879757], [53.0,-0.7356101480176755], [89.0,-0.7853662757263524], [103.0,-0.9331711236274316]]", "[[0.0,-0.0], [163.0,-1.4038775219494106], [50.0,-0.1975609756097561], [115.0,-1.0367174338879757], [53.0,-0.7356101480176755], [89.0,-0.7853662757263524], [103.0,-0.9331711236274316], [0.0,-0.0], [0.0,-0.0], [0.0,-0.0], [0.0,-0.0], [0.0,-0.0], [0.0,-0.0], [0.0,-0.0], [0.0,-0.0], [0.0,-0.0], [0.0,-0.0], [0.0,-0.0], [0.0,-0.0], [0.0,-0.0], [0.0,-0.0], [0.0,-0.0], [0.0,-0.0], [0.0,-0.0], [0.0,-0.0], [0.0,-0.0], [0.0,-0.0], [0.0,-0.0], [0.0,-0.0], [0.0,-0.0], [0.0,-0.0], [53.0,-0.7356101480176755], [53.0,-0.7356101480176755], [0.0,-0.0], [0.0,-0.0], [0.0,-0.0], [0.0,-0.0], [0.0,-0.0], [0.0,-0.0], [0.0,-0.0], [0.0,-0.0], [0.0,-0.0], [0.0,-0.0], [89.0,-0.7853662757263524], [0.0,-0.0], [89.0,-0.7853662757263524], [0.0,-0.0], [0.0,-0.0], [0.0,-0.0], [0.0,-0.0], [0.0,-0.0], [53.0,-0.7356101480176755], [0.0,-0.0], [0.0,-0.0], [0.0,-0.0], [0.0,-0.0], [0.0,-0.0]]", 57
1995, 11.034433060000001, "[[0.0,-0.0], [163.0,-1.4038775219494106], [50.0,-0.1975609756097561], [115.0,-1.0367174338879757], [53.0,-0.7356101480176755], [89.0,-0.7853662757263524], [103.0,-0.9331711236274316]]", "[[0.0,-0.0], [163.0,-1.4038775219494106], [50.0,-0.1975609756097561], [115.0,-1.0367174338879757], [53.0,-0.7356101480176755], [89.0,-0.7853662757263524], [103.0,-0.9331711236274316], [0.0,-0.0], [0.0,-0.0], [0.0,-0.0], [0.0,-0.0], [0.0,-0.0], [0.0,-0.0], [0.0,-0.0], [0.0,-0.0], [0.0,-0.0], [0.0,-0.0], [0.0,-0.0], [0.0,-0.0], [0.0,-0.0], [0.0,-0.0], [0.0,-0.0], [0.0,-0.0], [0.0,-0.0], [0.0,-0.0], [0.0,-0.0], [0.0,-0.0], [0.0,-0.0], [0.0,-0.0], [0.0,-0.0], [0.0,-0.0], [53.0,-0.7356101480176755], [53.0,-0.7356101480176755], [0.0,-0.0], [0.0,-0.0], [0.0,-0.0], [0.0,-0.0], [0.0,-0.0], [0.0,-0.0], [0.0,-0.0], [0.0,-0.0], [0.0,-0.0], [0.0,-0.0], [89.0,-0.7853662757263524], [0.0,-0.0], [89.0,-0.7853662757263524], [0.0,-0.0], [0.0,-0.0], [0.0,-0.0], [0.0,-0.0], [0.0,-0.0], [53.0,-0.7356101480176755], [0.0,-0.0], [0.0,-0.0], [0.0,-0.0], [0.0,-0.0], [0.0,-0.0]]", 57
2052, 11.282670072, "[[0.0,-0.0], [277.0,-1.616747087166802], [163.0,-1.4038775219494106], [50.0,-0.1975609756097561], [115.0,-1.0367174338879757], [53.0,-0.7356101480176755], [89.0,-0.7853662757263524], [103.0,-0.9331711236274316]]", "[[0.0,-0.0], [277.0,-1.616747087166802], [163.0,-1.4038775219494106], [50.0,-0.1975609756097561], [115.0,-1.0367174338879757], [53.0,-0.7356101480176755], [89.0,-0.7853662757263524], [103.0,-0.9331711236274316], [0.0,-0.0], [0.0,-0.0], [0.0,-0.0], [0.0,-0.0], [0.0,-0.0], [0.0,-0.0], [0.0,-0.0], [0.0,-0.0], [0.0,-0.0], [0.0,-0.0], [0.0,-0.0], [0.0,-0.0], [0.0,-0.0], [0.0,-0.0], [0.0,-0.0], [0.0,-0.0], [0.0,-0.0], [0.0,-0.0], [0.0,-0.0], [0.0,-0.0], [0.0,-0.0], [0.0,-0.0], [0.0,-0.0], [0.0,-0.0], [53.0,-0.7356101480176755], [53.0,-0.7356101480176755], [0.0,-0.0], [0.0,-0.0], [0.0,-0.0], [0.0,-0.0], [0.0,-0.0], [0.0,-0.0], [0.0,-0.0], [0.0,-0.0], [0.0,-0.0], [0.0,-0.0], [89.0,-0.7853662757263524], [0.0,-0.0], [89.0,-0.7853662757263524], [0.0,-0.0], [0.0,-0.0], [0.0,-0.0], [0.0,-0.0], [0.0,-0.0], [53.0,-0.7356101480176755], [0.0,-0.0], [0.0,-0.0], [0.0,-0.0], [0.0,-0.0]]", 57
2109, 11.480376211000001, "[[0.0,-0.0], [277.0,-1.616747087166802], [163.0,-1.4038775219494106], [50.0,-0.1975609756097561], [115.0,-1.0367174338879757], [53.0,-0.7356101480176755], [89.0,-0.7853662757263524], [103.0,-0.9331711236274316]]", "[[0.0,-0.0], [277.0,-1.616747087166802], [163.0,-1.4038775219494106], [50.0,-0.1975609756097561], [115.0,-1.0367174338879757], [53.0,-0.7356101480176755], [89.0,-0.7853662757263524], [103.0,-0.9331711236274316], [0.0,-0.0], [0.0,-0.0], [0.0,-0.0], [0.0,-0.0], [0.0,-0.0], [0.0,-0.0], [0.0,-0.0], [0.0,-0.0], [0.0,-0.0], [0.0,-0.0], [0.0,-0.0], [0.0,-0.0], [0.0,-0.0], [0.0,-0.0], [0.0,-0.0], [0.0,-0.0], [0.0,-0.0], [0.0,-0.0], [0.0,-0.0], [0.0,-0.0], [0.0,-0.0], [0.0,-0.0], [0.0,-0.0], [0.0,-0.0], [53.0,-0.7356101480176755], [53.0,-0.7356101480176755], [0.0,-0.0], [0.0,-0.0], [0.0,-0.0], [0.0,-0.0], [0.0,-0.0], [0.0,-0.0], [0.0,-0.0], [0.0,-0.0], [0.0,-0.0], [0.0,-0.0], [89.0,-0.7853662757263524], [0.0,-0.0], [89.0,-0.7853662757263524], [0.0,-0.0], [0.0,-0.0], [0.0,-0.0], [0.0,-0.0], [0.0,-0.0], [53.0,-0.7356101480176755], [0.0,-0.0], [0.0,-0.0], [0.0,-0.0], [0.0,-0.0]]", 57
2166, 11.712014992, "[[0.0,-0.0], [277.0,-1.616747087166802], [163.0,-1.4038775219494106], [50.0,-0.1975609756097561], [115.0,-1.0367174338879757], [53.0,-0.7356101480176755], [89.0,-0.7853662757263524], [103.0,-0.9331711236274316]]", "[[0.0,-0.0], [277.0,-1.616747087166802], [163.0,-1.4038775219494106], [50.0,-0.1975609756097561], [115.0,-1.0367174338879757], [53.0,-0.7356101480176755], [89.0,-0.7853662757263524], [103.0,-0.9331711236274316], [0.0,-0.0], [0.0,-0.0], [0.0,-0.0], [0.0,-0.0], [0.0,-0.0], [0.0,-0.0], [0.0,-0.0], [0.0,-0.0], [0.0,-0.0], [0.0,-0.0], [0.0,-0.0], [0.0,-0.0], [0.0,-0.0], [0.0,-0.0], [0.0,-0.0], [0.0,-0.0], [0.0,-0.0], [0.0,-0.0], [0.0,-0.0], [0.0,-0.0], [0.0,-0.0], [0.0,-0.0], [0.0,-0.0], [0.0,-0.0], [53.0,-0.7356101480176755], [53.0,-0.7356101480176755], [0.0,-0.0], [0.0,-0.0], [0.0,-0.0], [0.0,-0.0], [0.0,-0.0], [0.0,-0.0], [0.0,-0.0], [0.0,-0.0], [0.0,-0.0], [0.0,-0.0], [89.0,-0.7853662757263524], [0.0,-0.0], [89.0,-0.7853662757263524], [0.0,-0.0], [0.0,-0.0], [0.0,-0.0], [0.0,-0.0], [0.0,-0.0], [53.0,-0.7356101480176755], [0.0,-0.0], [0.0,-0.0], [0.0,-0.0], [0.0,-0.0]]", 57
2223, 11.913299563, "[[0.0,-0.0], [277.0,-1.616747087166802], [163.0,-1.4038775219494106], [50.0,-0.1975609756097561], [115.0,-1.0367174338879757], [53.0,-0.7356101480176755], [89.0,-0.7853662757263524], [103.0,-0.9331711236274316]]", "[[0.0,-0.0], [277.0,-1.616747087166802], [163.0,-1.4038775219494106], [50.0,-0.1975609756097561], [115.0,-1.0367174338879757], [53.0,-0.7356101480176755], [89.0,-0.7853662757263524], [103.0,-0.9331711236274316], [0.0,-0.0], [0.0,-0.0], [0.0,-0.0], [0.0,-0.0], [0.0,-0.0], [0.0,-0.0], [0.0,-0.0], [0.0,-0.0], [0.0,-0.0], [0.0,-0.0], [0.0,-0.0], [0.0,-0.0], [0.0,-0.0], [0.0,-0.0], [0.0,-0.0], [0.0,-0.0], [0.0,-0.0], [0.0,-0.0], [0.0,-0.0], [0.0,-0.0], [0.0,-0.0], [0.0,-0.0], [0.0,-0.0], [0.0,-0.0], [53.0,-0.7356101480176755], [53.0,-0.7356101480176755], [0.0,-0.0], [0.0,-0.0], [0.0,-0.0], [0.0,-0.0], [0.0,-0.0], [0.0,-0.0], [0.0,-0.0], [0.0,-0.0], [0.0,-0.0], [0.0,-0.0], [89.0,-0.7853662757263524], [0.0,-0.0], [89.0,-0.7853662757263524], [0.0,-0.0], [0.0,-0.0], [0.0,-0.0], [0.0,-0.0], [0.0,-0.0], [53.0,-0.7356101480176755], [0.0,-0.0], [0.0,-0.0], [0.0,-0.0], [0.0,-0.0]]", 57
2280, 12.151108967, "[[0.0,-0.0], [277.0,-1.616747087166802], [163.0,-1.4038775219494106], [50.0,-0.1975609756097561], [115.0,-1.0367174338879757], [53.0,-0.7356101480176755], [89.0,-0.7853662757263524], [103.0,-0.9331711236274316]]", "[[0.0,-0.0], [277.0,-1.616747087166802], [163.0,-1.4038775219494106], [50.0,-0.1975609756097561], [115.0,-1.0367174338879757], [53.0,-0.7356101480176755], [89.0,-0.7853662757263524], [103.0,-0.9331711236274316], [0.0,-0.0], [0.0,-0.0], [0.0,-0.0], [0.0,-0.0], [0.0,-0.0], [0.0,-0.0], [0.0,-0.0], [0.0,-0.0], [0.0,-0.0], [0.0,-0.0], [0.0,-0.0], [0.0,-0.0], [0.0,-0.0], [0.0,-0.0], [0.0,-0.0], [0.0,-0.0], [0.0,-0.0], [0.0,-0.0], [0.0,-0.0], [0.0,-0.0], [0.0,-0.0], [0.0,-0.0], [0.0,-0.0], [0.0,-0.0], [53.0,-0.7356101480176755], [53.0,-0.7356101480176755], [0.0,-0.0], [0.0,-0.0], [0.0,-0.0], [0.0,-0.0], [0.0,-0.0], [0.0,-0.0], [0.0,-0.0], [0.0,-0.0], [0.0,-0.0], [0.0,-0.0], [89.0,-0.7853662757263524], [0.0,-0.0], [89.0,-0.7853662757263524], [0.0,-0.0], [0.0,-0.0], [0.0,-0.0], [0.0,-0.0], [0.0,-0.0], [53.0,-0.7356101480176755], [0.0,-0.0], [0.0,-0.0], [0.0,-0.0], [0.0,-0.0]]", 57
2337, 12.381006662, "[[0.0,-0.0], [277.0,-1.616747087166802], [163.0,-1.4038775219494106], [50.0,-0.1975609756097561], [115.0,-1.0367174338879757], [53.0,-0.7356101480176755], [89.0,-0.7853662757263524], [103.0,-0.9331711236274316]]", "[[0.0,-0.0], [277.0,-1.616747087166802], [163.0,-1.4038775219494106], [50.0,-0.1975609756097561], [115.0,-1.0367174338879757], [53.0,-0.7356101480176755], [89.0,-0.7853662757263524], [103.0,-0.9331711236274316], [0.0,-0.0], [0.0,-0.0], [0.0,-0.0], [0.0,-0.0], [0.0,-0.0], [0.0,-0.0], [0.0,-0.0], [0.0,-0.0], [0.0,-0.0], [0.0,-0.0], [0.0,-0.0], [0.0,-0.0], [0.0,-0.0], [0.0,-0.0], [0.0,-0.0], [0.0,-0.0], [0.0,-0.0], [0.0,-0.0], [0.0,-0.0], [0.0,-0.0], [0.0,-0.0], [0.0,-0.0], [0.0,-0.0], [0.0,-0.0], [53.0,-0.7356101480176755], [53.0,-0.7356101480176755], [0.0,-0.0], [0.0,-0.0], [0.0,-0.0], [0.0,-0.0], [0.0,-0.0], [0.0,-0.0], [0.0,-0.0], [0.0,-0.0], [0.0,-0.0], [0.0,-0.0], [89.0,-0.7853662757263524], [0.0,-0.0], [89.0,-0.7853662757263524], [0.0,-0.0], [0.0,-0.0], [0.0,-0.0], [0.0,-0.0], [0.0,-0.0], [53.0,-0.7356101480176755], [0.0,-0.0], [0.0,-0.0], [0.0,-0.0], [0.0,-0.0]]", 57
2394, 12.633121130000001, "[[0.0,-0.0], [254.0,-1.9815701736733693], [163.0,-1.4038775219494106], [50.0,-0.1975609756097561], [115.0,-1.0367174338879757], [53.0,-0.7356101480176755], [89.0,-0.7853662757263524], [103.0,-0.9331711236274316]]", "[[0.0,-0.0], [254.0,-1.9815701736733693], [163.0,-1.4038775219494106], [50.0,-0.1975609756097561], [115.0,-1.0367174338879757], [53.0,-0.7356101480176755], [89.0,-0.7853662757263524], [103.0,-0.9331711236274316], [0.0,-0.0], [0.0,-0.0], [0.0,-0.0], [0.0,-0.0], [0.0,-0.0], [0.0,-0.0], [0.0,-0.0], [0.0,-0.0], [0.0,-0.0], [0.0,-0.0], [0.0,-0.0], [0.0,-0.0], [0.0,-0.0], [0.0,-0.0], [0.0,-0.0], [0.0,-0.0], [0.0,-0.0], [0.0,-0.0], [0.0,-0.0], [0.0,-0.0], [0.0,-0.0], [0.0,-0.0], [0.0,-0.0], [0.0,-0.0], [53.0,-0.7356101480176755], [53.0,-0.7356101480176755], [0.0,-0.0], [0.0,-0.0], [0.0,-0.0], [0.0,-0.0], [0.0,-0.0], [0.0,-0.0], [0.0,-0.0], [0.0,-0.0], [0.0,-0.0], [0.0,-0.0], [89.0,-0.7853662757263524], [0.0,-0.0], [89.0,-0.7853662757263524], [0.0,-0.0], [0.0,-0.0], [0.0,-0.0], [0.0,-0.0], [0.0,-0.0], [53.0,-0.7356101480176755], [0.0,-0.0], [0.0,-0.0], [0.0,-0.0], [0.0,-0.0]]", 57
2451, 12.8551993, "[[0.0,-0.0], [254.0,-1.9815701736733693], [163.0,-1.4038775219494106], [50.0,-0.1975609756097561], [115.0,-1.0367174338879757], [53.0,-0.7356101480176755], [89.0,-0.7853662757263524], [103.0,-0.9331711236274316]]", "[[0.0,-0.0], [254.0,-1.9815701736733693], [163.0,-1.4038775219494106], [50.0,-0.1975609756097561], [115.0,-1.0367174338879757], [53.0,-0.7356101480176755], [89.0,-0.7853662757263524], [103.0,-0.9331711236274316], [0.0,-0.0], [0.0,-0.0], [0.0,-0.0], [0.0,-0.0], [0.0,-0.0], [0.0,-0.0], [0.0,-0.0], [0.0,-0.0], [0.0,-0.0], [0.0,-0.0], [0.0,-0.0], [0.0,-0.0], [0.0,-0.0], [0.0,-0.0], [0.0,-0.0], [0.0,-0.0], [0.0,-0.0], [0.0,-0.0], [0.0,-0.0], [0.0,-0.0], [0.0,-0.0], [0.0,-0.0], [0.0,-0.0], [0.0,-0.0], [53.0,-0.7356101480176755], [53.0,-0.7356101480176755], [0.0,-0.0], [0.0,-0.0], [0.0,-0.0], [0.0,-0.0], [0.0,-0.0], [0.0,-0.0], [0.0,-0.0], [0.0,-0.0], [0.0,-0.0], [0.0,-0.0], [89.0,-0.7853662757263524], [0.0,-0.0], [89.0,-0.7853662757263524], [0.0,-0.0], [0.0,-0.0], [0.0,-0.0], [0.0,-0.0], [0.0,-0.0], [53.0,-0.7356101480176755], [0.0,-0.0], [0.0,-0.0], [0.0,-0.0], [0.0,-0.0]]", 57
2508, 13.141777571, "[[0.0,-0.0], [254.0,-1.9815701736733693], [163.0,-1.4038775219494106], [50.0,-0.1975609756097561], [115.0,-1.0367174338879757], [53.0,-0.7356101480176755], [89.0,-0.7853662757263524], [103.0,-0.9331711236274316]]", "[[0.0,-0.0], [254.0,-1.9815701736733693], [163.0,-1.4038775219494106], [50.0,-0.1975609756097561], [115.0,-1.0367174338879757], [53.0,-0.7356101480176755], [89.0,-0.7853662757263524], [103.0,-0.9331711236274316], [0.0,-0.0], [0.0,-0.0], [0.0,-0.0], [0.0,-0.0], [0.0,-0.0], [0.0,-0.0], [0.0,-0.0], [0.0,-0.0], [0.0,-0.0], [0.0,-0.0], [0.0,-0.0], [0.0,-0.0], [0.0,-0.0], [0.0,-0.0], [0.0,-0.0], [0.0,-0.0], [0.0,-0.0], [0.0,-0.0], [0.0,-0.0], [0.0,-0.0], [0.0,-0.0], [0.0,-0.0], [0.0,-0.0], [0.0,-0.0], [53.0,-0.7356101480176755], [53.0,-0.7356101480176755], [0.0,-0.0], [0.0,-0.0], [0.0,-0.0], [0.0,-0.0], [0.0,-0.0], [0.0,-0.0], [0.0,-0.0], [0.0,-0.0], [0.0,-0.0], [0.0,-0.0], [89.0,-0.7853662757263524], [0.0,-0.0], [89.0,-0.7853662757263524], [0.0,-0.0], [0.0,-0.0], [0.0,-0.0], [0.0,-0.0], [0.0,-0.0], [53.0,-0.7356101480176755], [0.0,-0.0], [0.0,-0.0], [0.0,-0.0], [0.0,-0.0]]", 57
2565, 13.372208272, "[[0.0,-0.0], [254.0,-1.9815701736733693], [163.0,-1.4038775219494106], [50.0,-0.1975609756097561], [115.0,-1.0367174338879757], [53.0,-0.7356101480176755], [89.0,-0.7853662757263524], [103.0,-0.9331711236274316]]", "[[0.0,-0.0], [254.0,-1.9815701736733693], [163.0,-1.4038775219494106], [50.0,-0.1975609756097561], [115.0,-1.0367174338879757], [53.0,-0.7356101480176755], [89.0,-0.7853662757263524], [103.0,-0.9331711236274316], [0.0,-0.0], [0.0,-0.0], [0.0,-0.0], [0.0,-0.0], [0.0,-0.0], [0.0,-0.0], [0.0,-0.0], [0.0,-0.0], [0.0,-0.0], [0.0,-0.0], [0.0,-0.0], [0.0,-0.0], [0.0,-0.0], [0.0,-0.0], [0.0,-0.0], [0.0,-0.0], [0.0,-0.0], [0.0,-0.0], [0.0,-0.0], [0.0,-0.0], [0.0,-0.0], [0.0,-0.0], [0.0,-0.0], [0.0,-0.0], [53.0,-0.7356101480176755], [53.0,-0.7356101480176755], [0.0,-0.0], [0.0,-0.0], [0.0,-0.0], [0.0,-0.0], [0.0,-0.0], [0.0,-0.0], [0.0,-0.0], [0.0,-0.0], [0.0,-0.0], [0.0,-0.0], [89.0,-0.7853662757263524], [0.0,-0.0], [89.0,-0.7853662757263524], [0.0,-0.0], [0.0,-0.0], [0.0,-0.0], [0.0,-0.0], [0.0,-0.0], [53.0,-0.7356101480176755], [0.0,-0.0], [0.0,-0.0], [0.0,-0.0], [0.0,-0.0]]", 57
2622, 13.62278421, "[[0.0,-0.0], [254.0,-1.9815701736733693], [211.0,-1.520976423744028], [163.0,-1.4038775219494106], [50.0,-0.1975609756097561], [115.0,-1.0367174338879757], [53.0,-0.7356101480176755], [89.0,-0.7853662757263524], [103.0,-0.9331711236274316]]", "[[0.0,-0.0], [254.0,-1.9815701736733693], [211.0,-1.520976423744028], [163.0,-1.4038775219494106], [50.0,-0.1975609756097561], [115.0,-1.0367174338879757], [53.0,-0.7356101480176755], [89.0,-0.7853662757263524], [103.0,-0.9331711236274316], [0.0,-0.0], [0.0,-0.0], [0.0,-0.0], [0.0,-0.0], [0.0,-0.0], [0.0,-0.0], [0.0,-0.0], [0.0,-0.0], [0.0,-0.0], [0.0,-0.0], [0.0,-0.0], [0.0,-0.0], [0.0,-0.0], [0.0,-0.0], [0.0,-0.0], [0.0,-0.0], [0.0,-0.0], [0.0,-0.0], [0.0,-0.0], [0.0,-0.0], [0.0,-0.0], [0.0,-0.0], [0.0,-0.0], [0.0,-0.0], [53.0,-0.7356101480176755], [53.0,-0.7356101480176755], [0.0,-0.0], [0.0,-0.0], [0.0,-0.0], [0.0,-0.0], [0.0,-0.0], [0.0,-0.0], [0.0,-0.0], [0.0,-0.0], [0.0,-0.0], [0.0,-0.0], [89.0,-0.7853662757263524], [0.0,-0.0], [89.0,-0.7853662757263524], [0.0,-0.0], [0.0,-0.0], [0.0,-0.0], [0.0,-0.0], [0.0,-0.0], [53.0,-0.7356101480176755], [0.0,-0.0], [0.0,-0.0], [0.0,-0.0]]", 57
2679, 13.889732804000001, "[[0.0,-0.0], [254.0,-1.9815701736733693], [211.0,-1.520976423744028], [163.0,-1.4038775219494106], [50.0,-0.1975609756097561], [115.0,-1.0367174338879757], [53.0,-0.7356101480176755], [89.0,-0.7853662757263524], [103.0,-0.9331711236274316]]", "[[0.0,-0.0], [254.0,-1.9815701736733693], [211.0,-1.520976423744028], [163.0,-1.4038775219494106], [50.0,-0.1975609756097561], [115.0,-1.0367174338879757], [53.0,-0.7356101480176755], [89.0,-0.7853662757263524], [103.0,-0.9331711236274316], [0.0,-0.0], [0.0,-0.0], [0.0,-0.0], [0.0,-0.0], [0.0,-0.0], [0.0,-0.0], [0.0,-0.0], [0.0,-0.0], [0.0,-0.0], [0.0,-0.0], [0.0,-0.0], [0.0,-0.0], [0.0,-0.0], [0.0,-0.0], [0.0,-0.0], [0.0,-0.0], [0.0,-0.0], [0.0,-0.0], [0.0,-0.0], [0.0,-0.0], [0.0,-0.0], [0.0,-0.0], [0.0,-0.0], [0.0,-0.0], [53.0,-0.7356101480176755], [53.0,-0.7356101480176755], [0.0,-0.0], [0.0,-0.0], [0.0,-0.0], [0.0,-0.0], [0.0,-0.0], [0.0,-0.0], [0.0,-0.0], [0.0,-0.0], [0.0,-0.0], [0.0,-0.0], [89.0,-0.7853662757263524], [0.0,-0.0], [89.0,-0.7853662757263524], [0.0,-0.0], [0.0,-0.0], [0.0,-0.0], [0.0,-0.0], [0.0,-0.0], [53.0,-0.7356101480176755], [0.0,-0.0], [0.0,-0.0], [0.0,-0.0]]", 57
2736, 14.129267023, "[[0.0,-0.0], [254.0,-1.9815701736733693], [211.0,-1.520976423744028], [163.0,-1.4038775219494106], [50.0,-0.1975609756097561], [115.0,-1.0367174338879757], [53.0,-0.7356101480176755], [89.0,-0.7853662757263524], [103.0,-0.9331711236274316]]", "[[0.0,-0.0], [254.0,-1.9815701736733693], [211.0,-1.520976423744028], [163.0,-1.4038775219494106], [50.0,-0.1975609756097561], [115.0,-1.0367174338879757], [53.0,-0.7356101480176755], [89.0,-0.7853662757263524], [103.0,-0.9331711236274316], [0.0,-0.0], [0.0,-0.0], [0.0,-0.0], [0.0,-0.0], [0.0,-0.0], [0.0,-0.0], [0.0,-0.0], [0.0,-0.0], [0.0,-0.0], [0.0,-0.0], [0.0,-0.0], [0.0,-0.0], [0.0,-0.0], [0.0,-0.0], [0.0,-0.0], [0.0,-0.0], [0.0,-0.0], [0.0,-0.0], [0.0,-0.0], [0.0,-0.0], [0.0,-0.0], [0.0,-0.0], [0.0,-0.0], [0.0,-0.0], [53.0,-0.7356101480176755], [53.0,-0.7356101480176755], [0.0,-0.0], [0.0,-0.0], [0.0,-0.0], [0.0,-0.0], [0.0,-0.0], [0.0,-0.0], [0.0,-0.0], [0.0,-0.0], [0.0,-0.0], [0.0,-0.0], [89.0,-0.7853662757263524], [0.0,-0.0], [89.0,-0.7853662757263524], [0.0,-0.0], [0.0,-0.0], [0.0,-0.0], [0.0,-0.0], [0.0,-0.0], [53.0,-0.7356101480176755], [0.0,-0.0], [0.0,-0.0], [0.0,-0.0]]", 57
2793, 14.339338094, "[[0.0,-0.0], [254.0,-1.9815701736733693], [211.0,-1.520976423744028], [163.0,-1.4038775219494106], [50.0,-0.1975609756097561], [115.0,-1.0367174338879757], [53.0,-0.7356101480176755], [89.0,-0.7853662757263524], [103.0,-0.9331711236274316]]", "[[0.0,-0.0], [254.0,-1.9815701736733693], [211.0,-1.520976423744028], [163.0,-1.4038775219494106], [50.0,-0.1975609756097561], [115.0,-1.0367174338879757], [53.0,-0.7356101480176755], [89.0,-0.7853662757263524], [103.0,-0.9331711236274316], [0.0,-0.0], [0.0,-0.0], [0.0,-0.0], [0.0,-0.0], [0.0,-0.0], [0.0,-0.0], [0.0,-0.0], [0.0,-0.0], [0.0,-0.0], [0.0,-0.0], [0.0,-0.0], [0.0,-0.0], [0.0,-0.0], [0.0,-0.0], [0.0,-0.0], [0.0,-0.0], [0.0,-0.0], [0.0,-0.0], [0.0,-0.0], [0.0,-0.0], [0.0,-0.0], [0.0,-0.0], [0.0,-0.0], [0.0,-0.0], [53.0,-0.7356101480176755], [53.0,-0.7356101480176755], [0.0,-0.0], [0.0,-0.0], [0.0,-0.0], [0.0,-0.0], [0.0,-0.0], [0.0,-0.0], [0.0,-0.0], [0.0,-0.0], [0.0,-0.0], [0.0,-0.0], [89.0,-0.7853662757263524], [0.0,-0.0], [89.0,-0.7853662757263524], [0.0,-0.0], [0.0,-0.0], [0.0,-0.0], [0.0,-0.0], [0.0,-0.0], [53.0,-0.7356101480176755], [0.0,-0.0], [0.0,-0.0], [0.0,-0.0]]", 57
2850, 14.579455715000002, "[[0.0,-0.0], [254.0,-1.9815701736733693], [211.0,-1.520976423744028], [163.0,-1.4038775219494106], [50.0,-0.1975609756097561], [115.0,-1.0367174338879757], [53.0,-0.7356101480176755], [89.0,-0.7853662757263524], [103.0,-0.9331711236274316]]", "[[0.0,-0.0], [254.0,-1.9815701736733693], [211.0,-1.520976423744028], [163.0,-1.4038775219494106], [50.0,-0.1975609756097561], [115.0,-1.0367174338879757], [53.0,-0.7356101480176755], [89.0,-0.7853662757263524], [103.0,-0.9331711236274316], [0.0,-0.0], [0.0,-0.0], [0.0,-0.0], [0.0,-0.0], [0.0,-0.0], [0.0,-0.0], [0.0,-0.0], [0.0,-0.0], [0.0,-0.0], [0.0,-0.0], [0.0,-0.0], [0.0,-0.0], [0.0,-0.0], [0.0,-0.0], [0.0,-0.0], [0.0,-0.0], [0.0,-0.0], [0.0,-0.0], [0.0,-0.0], [0.0,-0.0], [0.0,-0.0], [0.0,-0.0], [0.0,-0.0], [0.0,-0.0], [53.0,-0.7356101480176755], [53.0,-0.7356101480176755], [0.0,-0.0], [0.0,-0.0], [0.0,-0.0], [0.0,-0.0], [0.0,-0.0], [0.0,-0.0], [0.0,-0.0], [0.0,-0.0], [0.0,-0.0], [0.0,-0.0], [89.0,-0.7853662757263524], [0.0,-0.0], [89.0,-0.7853662757263524], [0.0,-0.0], [0.0,-0.0], [0.0,-0.0], [0.0,-0.0], [0.0,-0.0], [53.0,-0.7356101480176755], [0.0,-0.0], [0.0,-0.0], [0.0,-0.0]]", 57
2907, 14.800493054, "[[0.0,-0.0], [254.0,-1.9815701736733693], [211.0,-1.520976423744028], [163.0,-1.4038775219494106], [50.0,-0.1975609756097561], [115.0,-1.0367174338879757], [53.0,-0.7356101480176755], [89.0,-0.7853662757263524], [103.0,-0.9331711236274316]]", "[[0.0,-0.0], [254.0,-1.9815701736733693], [211.0,-1.520976423744028], [163.0,-1.4038775219494106], [50.0,-0.1975609756097561], [115.0,-1.0367174338879757], [53.0,-0.7356101480176755], [89.0,-0.7853662757263524], [103.0,-0.9331711236274316], [0.0,-0.0], [0.0,-0.0], [0.0,-0.0], [0.0,-0.0], [0.0,-0.0], [0.0,-0.0], [0.0,-0.0], [0.0,-0.0], [0.0,-0.0], [0.0,-0.0], [0.0,-0.0], [0.0,-0.0], [0.0,-0.0], [0.0,-0.0], [0.0,-0.0], [0.0,-0.0], [0.0,-0.0], [0.0,-0.0], [0.0,-0.0], [0.0,-0.0], [0.0,-0.0], [0.0,-0.0], [0.0,-0.0], [0.0,-0.0], [53.0,-0.7356101480176755], [53.0,-0.7356101480176755], [0.0,-0.0], [0.0,-0.0], [0.0,-0.0], [0.0,-0.0], [0.0,-0.0], [0.0,-0.0], [0.0,-0.0], [0.0,-0.0], [0.0,-0.0], [0.0,-0.0], [89.0,-0.7853662757263524], [0.0,-0.0], [89.0,-0.7853662757263524], [0.0,-0.0], [0.0,-0.0], [0.0,-0.0], [0.0,-0.0], [0.0,-0.0], [53.0,-0.7356101480176755], [0.0,-0.0], [0.0,-0.0], [0.0,-0.0]]", 57
2964, 15.192085484000001, "[[0.0,-0.0], [254.0,-1.9815701736733693], [211.0,-1.520976423744028], [163.0,-1.4038775219494106], [50.0,-0.1975609756097561], [115.0,-1.0367174338879757], [53.0,-0.7356101480176755], [89.0,-0.7853662757263524], [103.0,-0.9331711236274316]]", "[[0.0,-0.0], [254.0,-1.9815701736733693], [211.0,-1.520976423744028], [163.0,-1.4038775219494106], [50.0,-0.1975609756097561], [115.0,-1.0367174338879757], [53.0,-0.7356101480176755], [89.0,-0.7853662757263524], [103.0,-0.9331711236274316], [0.0,-0.0], [0.0,-0.0], [0.0,-0.0], [0.0,-0.0], [0.0,-0.0], [0.0,-0.0], [0.0,-0.0], [0.0,-0.0], [0.0,-0.0], [0.0,-0.0], [0.0,-0.0], [0.0,-0.0], [0.0,-0.0], [0.0,-0.0], [0.0,-0.0], [0.0,-0.0], [0.0,-0.0], [0.0,-0.0], [0.0,-0.0], [0.0,-0.0], [0.0,-0.0], [0.0,-0.0], [0.0,-0.0], [0.0,-0.0], [53.0,-0.7356101480176755], [53.0,-0.7356101480176755], [0.0,-0.0], [0.0,-0.0], [0.0,-0.0], [0.0,-0.0], [0.0,-0.0], [0.0,-0.0], [0.0,-0.0], [0.0,-0.0], [0.0,-0.0], [0.0,-0.0], [89.0,-0.7853662757263524], [0.0,-0.0], [89.0,-0.7853662757263524], [0.0,-0.0], [0.0,-0.0], [0.0,-0.0], [0.0,-0.0], [0.0,-0.0], [53.0,-0.7356101480176755], [0.0,-0.0], [0.0,-0.0], [0.0,-0.0]]", 57
3021, 15.559412161000001, "[[0.0,-0.0], [254.0,-1.9815701736733693], [211.0,-1.520976423744028], [163.0,-1.4038775219494106], [50.0,-0.1975609756097561], [115.0,-1.0367174338879757], [53.0,-0.7356101480176755], [89.0,-0.7853662757263524], [103.0,-0.9331711236274316]]", "[[0.0,-0.0], [254.0,-1.9815701736733693], [211.0,-1.520976423744028], [163.0,-1.4038775219494106], [50.0,-0.1975609756097561], [115.0,-1.0367174338879757], [53.0,-0.7356101480176755], [89.0,-0.7853662757263524], [103.0,-0.9331711236274316], [0.0,-0.0], [0.0,-0.0], [0.0,-0.0], [0.0,-0.0], [0.0,-0.0], [0.0,-0.0], [0.0,-0.0], [0.0,-0.0], [0.0,-0.0], [0.0,-0.0], [0.0,-0.0], [0.0,-0.0], [0.0,-0.0], [0.0,-0.0], [0.0,-0.0], [0.0,-0.0], [0.0,-0.0], [0.0,-0.0], [0.0,-0.0], [0.0,-0.0], [0.0,-0.0], [0.0,-0.0], [0.0,-0.0], [0.0,-0.0], [53.0,-0.7356101480176755], [53.0,-0.7356101480176755], [0.0,-0.0], [0.0,-0.0], [0.0,-0.0], [0.0,-0.0], [0.0,-0.0], [0.0,-0.0], [0.0,-0.0], [0.0,-0.0], [0.0,-0.0], [0.0,-0.0], [89.0,-0.7853662757263524], [0.0,-0.0], [89.0,-0.7853662757263524], [0.0,-0.0], [0.0,-0.0], [0.0,-0.0], [0.0,-0.0], [0.0,-0.0], [53.0,-0.7356101480176755], [0.0,-0.0], [0.0,-0.0], [0.0,-0.0]]", 57
3078, 16.022070274, "[[0.0,-0.0], [254.0,-1.9815701736733693], [211.0,-1.520976423744028], [163.0,-1.4038775219494106], [50.0,-0.1975609756097561], [115.0,-1.0367174338879757], [53.0,-0.7356101480176755], [89.0,-0.7853662757263524], [103.0,-0.9331711236274316]]", "[[0.0,-0.0], [254.0,-1.9815701736733693], [211.0,-1.520976423744028], [163.0,-1.4038775219494106], [50.0,-0.1975609756097561], [115.0,-1.0367174338879757], [53.0,-0.7356101480176755], [89.0,-0.7853662757263524], [103.0,-0.9331711236274316], [0.0,-0.0], [0.0,-0.0], [0.0,-0.0], [0.0,-0.0], [0.0,-0.0], [0.0,-0.0], [0.0,-0.0], [0.0,-0.0], [0.0,-0.0], [0.0,-0.0], [0.0,-0.0], [0.0,-0.0], [0.0,-0.0], [0.0,-0.0], [0.0,-0.0], [0.0,-0.0], [0.0,-0.0], [0.0,-0.0], [0.0,-0.0], [0.0,-0.0], [0.0,-0.0], [0.0,-0.0], [0.0,-0.0], [0.0,-0.0], [53.0,-0.7356101480176755], [53.0,-0.7356101480176755], [0.0,-0.0], [0.0,-0.0], [0.0,-0.0], [0.0,-0.0], [0.0,-0.0], [0.0,-0.0], [0.0,-0.0], [0.0,-0.0], [0.0,-0.0], [0.0,-0.0], [89.0,-0.7853662757263524], [0.0,-0.0], [89.0,-0.7853662757263524], [0.0,-0.0], [0.0,-0.0], [0.0,-0.0], [0.0,-0.0], [0.0,-0.0], [53.0,-0.7356101480176755], [0.0,-0.0], [0.0,-0.0], [0.0,-0.0]]", 57
3135, 16.473638685, "[[0.0,-0.0], [254.0,-1.9815701736733693], [211.0,-1.520976423744028], [163.0,-1.4038775219494106], [50.0,-0.1975609756097561], [115.0,-1.0367174338879757], [53.0,-0.7356101480176755], [89.0,-0.7853662757263524], [103.0,-0.9331711236274316]]", "[[0.0,-0.0], [254.0,-1.9815701736733693], [211.0,-1.520976423744028], [163.0,-1.4038775219494106], [50.0,-0.1975609756097561], [115.0,-1.0367174338879757], [53.0,-0.7356101480176755], [89.0,-0.7853662757263524], [103.0,-0.9331711236274316], [0.0,-0.0], [0.0,-0.0], [0.0,-0.0], [0.0,-0.0], [0.0,-0.0], [0.0,-0.0], [0.0,-0.0], [0.0,-0.0], [0.0,-0.0], [0.0,-0.0], [0.0,-0.0], [0.0,-0.0], [0.0,-0.0], [0.0,-0.0], [0.0,-0.0], [0.0,-0.0], [0.0,-0.0], [0.0,-0.0], [0.0,-0.0], [0.0,-0.0], [0.0,-0.0], [0.0,-0.0], [0.0,-0.0], [0.0,-0.0], [53.0,-0.7356101480176755], [53.0,-0.7356101480176755], [0.0,-0.0], [0.0,-0.0], [0.0,-0.0], [0.0,-0.0], [0.0,-0.0], [0.0,-0.0], [0.0,-0.0], [0.0,-0.0], [0.0,-0.0], [0.0,-0.0], [89.0,-0.7853662757263524], [0.0,-0.0], [89.0,-0.7853662757263524], [0.0,-0.0], [0.0,-0.0], [0.0,-0.0], [0.0,-0.0], [0.0,-0.0], [53.0,-0.7356101480176755], [0.0,-0.0], [0.0,-0.0], [0.0,-0.0]]", 57
3192, 16.854393931, "[[0.0,-0.0], [254.0,-1.9815701736733693], [211.0,-1.520976423744028], [163.0,-1.4038775219494106], [50.0,-0.1975609756097561], [115.0,-1.0367174338879757], [53.0,-0.7356101480176755], [89.0,-0.7853662757263524], [103.0,-0.9331711236274316]]", "[[0.0,-0.0], [254.0,-1.9815701736733693], [211.0,-1.520976423744028], [163.0,-1.4038775219494106], [50.0,-0.1975609756097561], [115.0,-1.0367174338879757], [53.0,-0.7356101480176755], [89.0,-0.7853662757263524], [103.0,-0.9331711236274316], [0.0,-0.0], [0.0,-0.0], [0.0,-0.0], [0.0,-0.0], [0.0,-0.0], [0.0,-0.0], [0.0,-0.0], [0.0,-0.0], [0.0,-0.0], [0.0,-0.0], [0.0,-0.0], [0.0,-0.0], [0.0,-0.0], [0.0,-0.0], [0.0,-0.0], [0.0,-0.0], [0.0,-0.0], [0.0,-0.0], [0.0,-0.0], [0.0,-0.0], [0.0,-0.0], [0.0,-0.0], [0.0,-0.0], [0.0,-0.0], [53.0,-0.7356101480176755], [53.0,-0.7356101480176755], [0.0,-0.0], [0.0,-0.0], [0.0,-0.0], [0.0,-0.0], [0.0,-0.0], [0.0,-0.0], [0.0,-0.0], [0.0,-0.0], [0.0,-0.0], [0.0,-0.0], [89.0,-0.7853662757263524], [0.0,-0.0], [89.0,-0.7853662757263524], [0.0,-0.0], [0.0,-0.0], [0.0,-0.0], [0.0,-0.0], [0.0,-0.0], [53.0,-0.7356101480176755], [0.0,-0.0], [0.0,-0.0], [0.0,-0.0]]", 57
3249, 17.242028207, "[[0.0,-0.0], [254.0,-1.9815701736733693], [192.0,-1.680462887803069], [163.0,-1.4038775219494106], [50.0,-0.1975609756097561], [115.0,-1.0367174338879757], [53.0,-0.7356101480176755], [89.0,-0.7853662757263524], [103.0,-0.9331711236274316]]", "[[0.0,-0.0], [254.0,-1.9815701736733693], [192.0,-1.680462887803069], [163.0,-1.4038775219494106], [50.0,-0.1975609756097561], [115.0,-1.0367174338879757], [53.0,-0.7356101480176755], [89.0,-0.7853662757263524], [103.0,-0.9331711236274316], [0.0,-0.0], [0.0,-0.0], [0.0,-0.0], [0.0,-0.0], [0.0,-0.0], [0.0,-0.0], [0.0,-0.0], [0.0,-0.0], [0.0,-0.0], [0.0,-0.0], [0.0,-0.0], [0.0,-0.0], [0.0,-0.0], [0.0,-0.0], [0.0,-0.0], [0.0,-0.0], [0.0,-0.0], [0.0,-0.0], [0.0,-0.0], [0.0,-0.0], [0.0,-0.0], [0.0,-0.0], [0.0,-0.0], [0.0,-0.0], [53.0,-0.7356101480176755], [53.0,-0.7356101480176755], [0.0,-0.0], [0.0,-0.0], [0.0,-0.0], [0.0,-0.0], [0.0,-0.0], [0.0,-0.0], [0.0,-0.0], [0.0,-0.0], [0.0,-0.0], [0.0,-0.0], [89.0,-0.7853662757263524], [0.0,-0.0], [89.0,-0.7853662757263524], [0.0,-0.0], [0.0,-0.0], [0.0,-0.0], [0.0,-0.0], [0.0,-0.0], [53.0,-0.7356101480176755], [0.0,-0.0], [0.0,-0.0], [0.0,-0.0]]", 57
3306, 17.583056455, "[[0.0,-0.0], [254.0,-1.9815701736733693], [192.0,-1.680462887803069], [163.0,-1.4038775219494106], [50.0,-0.1975609756097561], [115.0,-1.0367174338879757], [53.0,-0.7356101480176755], [89.0,-0.7853662757263524], [103.0,-0.9331711236274316]]", "[[0.0,-0.0], [254.0,-1.9815701736733693], [192.0,-1.680462887803069], [163.0,-1.4038775219494106], [50.0,-0.1975609756097561], [115.0,-1.0367174338879757], [53.0,-0.7356101480176755], [89.0,-0.7853662757263524], [103.0,-0.9331711236274316], [0.0,-0.0], [0.0,-0.0], [0.0,-0.0], [0.0,-0.0], [0.0,-0.0], [0.0,-0.0], [0.0,-0.0], [0.0,-0.0], [0.0,-0.0], [0.0,-0.0], [0.0,-0.0], [0.0,-0.0], [0.0,-0.0], [0.0,-0.0], [0.0,-0.0], [0.0,-0.0], [0.0,-0.0], [0.0,-0.0], [0.0,-0.0], [0.0,-0.0], [0.0,-0.0], [0.0,-0.0], [0.0,-0.0], [0.0,-0.0], [53.0,-0.7356101480176755], [53.0,-0.7356101480176755], [0.0,-0.0], [0.0,-0.0], [0.0,-0.0], [0.0,-0.0], [0.0,-0.0], [0.0,-0.0], [0.0,-0.0], [0.0,-0.0], [0.0,-0.0], [0.0,-0.0], [89.0,-0.7853662757263524], [0.0,-0.0], [89.0,-0.7853662757263524], [0.0,-0.0], [0.0,-0.0], [0.0,-0.0], [0.0,-0.0], [0.0,-0.0], [53.0,-0.7356101480176755], [0.0,-0.0], [0.0,-0.0], [0.0,-0.0]]", 57
3363, 17.907519297, "[[0.0,-0.0], [254.0,-1.9815701736733693], [192.0,-1.680462887803069], [163.0,-1.4038775219494106], [50.0,-0.1975609756097561], [115.0,-1.0367174338879757], [53.0,-0.7356101480176755], [89.0,-0.7853662757263524], [103.0,-0.9331711236274316]]", "[[0.0,-0.0], [254.0,-1.9815701736733693], [192.0,-1.680462887803069], [163.0,-1.4038775219494106], [50.0,-0.1975609756097561], [115.0,-1.0367174338879757], [53.0,-0.7356101480176755], [89.0,-0.7853662757263524], [103.0,-0.9331711236274316], [0.0,-0.0], [0.0,-0.0], [0.0,-0.0], [0.0,-0.0], [0.0,-0.0], [0.0,-0.0], [0.0,-0.0], [0.0,-0.0], [0.0,-0.0], [0.0,-0.0], [0.0,-0.0], [0.0,-0.0], [0.0,-0.0], [0.0,-0.0], [0.0,-0.0], [0.0,-0.0], [0.0,-0.0], [0.0,-0.0], [0.0,-0.0], [0.0,-0.0], [0.0,-0.0], [0.0,-0.0], [0.0,-0.0], [0.0,-0.0], [53.0,-0.7356101480176755], [53.0,-0.7356101480176755], [0.0,-0.0], [0.0,-0.0], [0.0,-0.0], [0.0,-0.0], [0.0,-0.0], [0.0,-0.0], [0.0,-0.0], [0.0,-0.0], [0.0,-0.0], [0.0,-0.0], [89.0,-0.7853662757263524], [0.0,-0.0], [89.0,-0.7853662757263524], [0.0,-0.0], [0.0,-0.0], [0.0,-0.0], [0.0,-0.0], [0.0,-0.0], [53.0,-0.7356101480176755], [0.0,-0.0], [0.0,-0.0], [0.0,-0.0]]", 57
3420, 18.380114041000002, "[[0.0,-0.0], [254.0,-1.9815701736733693], [192.0,-1.680462887803069], [163.0,-1.4038775219494106], [50.0,-0.1975609756097561], [115.0,-1.0367174338879757], [53.0,-0.7356101480176755], [89.0,-0.7853662757263524], [103.0,-0.9331711236274316]]", "[[0.0,-0.0], [254.0,-1.9815701736733693], [192.0,-1.680462887803069], [163.0,-1.4038775219494106], [50.0,-0.1975609756097561], [115.0,-1.0367174338879757], [53.0,-0.7356101480176755], [89.0,-0.7853662757263524], [103.0,-0.9331711236274316], [0.0,-0.0], [0.0,-0.0], [0.0,-0.0], [0.0,-0.0], [0.0,-0.0], [0.0,-0.0], [0.0,-0.0], [0.0,-0.0], [0.0,-0.0], [0.0,-0.0], [0.0,-0.0], [0.0,-0.0], [0.0,-0.0], [0.0,-0.0], [0.0,-0.0], [0.0,-0.0], [0.0,-0.0], [0.0,-0.0], [0.0,-0.0], [0.0,-0.0], [0.0,-0.0], [0.0,-0.0], [0.0,-0.0], [0.0,-0.0], [53.0,-0.7356101480176755], [53.0,-0.7356101480176755], [0.0,-0.0], [0.0,-0.0], [0.0,-0.0], [0.0,-0.0], [0.0,-0.0], [0.0,-0.0], [0.0,-0.0], [0.0,-0.0], [0.0,-0.0], [0.0,-0.0], [89.0,-0.7853662757263524], [0.0,-0.0], [89.0,-0.7853662757263524], [0.0,-0.0], [0.0,-0.0], [0.0,-0.0], [0.0,-0.0], [0.0,-0.0], [53.0,-0.7356101480176755], [0.0,-0.0], [0.0,-0.0], [0.0,-0.0]]", 57
3477, 18.73751018, "[[0.0,-0.0], [254.0,-1.9815701736733693], [192.0,-1.680462887803069], [163.0,-1.4038775219494106], [50.0,-0.1975609756097561], [115.0,-1.0367174338879757], [53.0,-0.7356101480176755], [89.0,-0.7853662757263524], [103.0,-0.9331711236274316]]", "[[0.0,-0.0], [254.0,-1.9815701736733693], [192.0,-1.680462887803069], [163.0,-1.4038775219494106], [50.0,-0.1975609756097561], [115.0,-1.0367174338879757], [53.0,-0.7356101480176755], [89.0,-0.7853662757263524], [103.0,-0.9331711236274316], [0.0,-0.0], [0.0,-0.0], [0.0,-0.0], [0.0,-0.0], [0.0,-0.0], [0.0,-0.0], [0.0,-0.0], [0.0,-0.0], [0.0,-0.0], [0.0,-0.0], [0.0,-0.0], [0.0,-0.0], [0.0,-0.0], [0.0,-0.0], [0.0,-0.0], [0.0,-0.0], [0.0,-0.0], [0.0,-0.0], [0.0,-0.0], [0.0,-0.0], [0.0,-0.0], [0.0,-0.0], [0.0,-0.0], [0.0,-0.0], [53.0,-0.7356101480176755], [53.0,-0.7356101480176755], [0.0,-0.0], [0.0,-0.0], [0.0,-0.0], [0.0,-0.0], [0.0,-0.0], [0.0,-0.0], [0.0,-0.0], [0.0,-0.0], [0.0,-0.0], [0.0,-0.0], [89.0,-0.7853662757263524], [0.0,-0.0], [89.0,-0.7853662757263524], [0.0,-0.0], [0.0,-0.0], [0.0,-0.0], [0.0,-0.0], [0.0,-0.0], [53.0,-0.7356101480176755], [0.0,-0.0], [0.0,-0.0], [0.0,-0.0]]", 57
3534, 19.058038805000002, "[[0.0,-0.0], [254.0,-1.9815701736733693], [192.0,-1.680462887803069], [163.0,-1.4038775219494106], [50.0,-0.1975609756097561], [115.0,-1.0367174338879757], [53.0,-0.7356101480176755], [89.0,-0.7853662757263524], [103.0,-0.9331711236274316]]", "[[0.0,-0.0], [254.0,-1.9815701736733693], [192.0,-1.680462887803069], [163.0,-1.4038775219494106], [50.0,-0.1975609756097561], [115.0,-1.0367174338879757], [53.0,-0.7356101480176755], [89.0,-0.7853662757263524], [103.0,-0.9331711236274316], [0.0,-0.0], [0.0,-0.0], [0.0,-0.0], [0.0,-0.0], [0.0,-0.0], [0.0,-0.0], [0.0,-0.0], [0.0,-0.0], [0.0,-0.0], [0.0,-0.0], [0.0,-0.0], [0.0,-0.0], [0.0,-0.0], [0.0,-0.0], [0.0,-0.0], [0.0,-0.0], [0.0,-0.0], [0.0,-0.0], [0.0,-0.0], [0.0,-0.0], [0.0,-0.0], [0.0,-0.0], [0.0,-0.0], [0.0,-0.0], [53.0,-0.7356101480176755], [53.0,-0.7356101480176755], [0.0,-0.0], [0.0,-0.0], [0.0,-0.0], [0.0,-0.0], [0.0,-0.0], [0.0,-0.0], [0.0,-0.0], [0.0,-0.0], [0.0,-0.0], [0.0,-0.0], [89.0,-0.7853662757263524], [0.0,-0.0], [89.0,-0.7853662757263524], [0.0,-0.0], [0.0,-0.0], [0.0,-0.0], [0.0,-0.0], [0.0,-0.0], [53.0,-0.7356101480176755], [0.0,-0.0], [0.0,-0.0], [0.0,-0.0]]", 57
3591, 19.360314097, "[[0.0,-0.0], [254.0,-1.9815701736733693], [192.0,-1.680462887803069], [163.0,-1.4038775219494106], [50.0,-0.1975609756097561], [115.0,-1.0367174338879757], [53.0,-0.7356101480176755], [89.0,-0.7853662757263524], [103.0,-0.9331711236274316]]", "[[0.0,-0.0], [254.0,-1.9815701736733693], [192.0,-1.680462887803069], [163.0,-1.4038775219494106], [50.0,-0.1975609756097561], [115.0,-1.0367174338879757], [53.0,-0.7356101480176755], [89.0,-0.7853662757263524], [103.0,-0.9331711236274316], [0.0,-0.0], [0.0,-0.0], [0.0,-0.0], [0.0,-0.0], [0.0,-0.0], [0.0,-0.0], [0.0,-0.0], [0.0,-0.0], [0.0,-0.0], [0.0,-0.0], [0.0,-0.0], [0.0,-0.0], [0.0,-0.0], [0.0,-0.0], [0.0,-0.0], [0.0,-0.0], [0.0,-0.0], [0.0,-0.0], [0.0,-0.0], [0.0,-0.0], [0.0,-0.0], [0.0,-0.0], [0.0,-0.0], [0.0,-0.0], [53.0,-0.7356101480176755], [53.0,-0.7356101480176755], [0.0,-0.0], [0.0,-0.0], [0.0,-0.0], [0.0,-0.0], [0.0,-0.0], [0.0,-0.0], [0.0,-0.0], [0.0,-0.0], [0.0,-0.0], [0.0,-0.0], [89.0,-0.7853662757263524], [0.0,-0.0], [89.0,-0.7853662757263524], [0.0,-0.0], [0.0,-0.0], [0.0,-0.0], [0.0,-0.0], [0.0,-0.0], [53.0,-0.7356101480176755], [0.0,-0.0], [0.0,-0.0], [0.0,-0.0]]", 57